goal_amount,start_month,start_day,Person,num_projects,num_backed,duration_<1 week,duration_1-2 weeks,duration_2 weeks - 1 month,duration_1-2 months,success,collection_ratio,num_backers
10.819778284410283,6,1,0,7,16,0,0,1,0,1,8.506720000000001,6.823286122355687
9.903487552536127,6,1,1,3,88,0,0,0,1,1,7.1201500000000095,6.954638864880987
10.308952660644293,6,1,1,1,2,0,0,1,0,1,1.0675000000000006,5.318119993844216
8.804775258867686,6,1,0,4,23,0,0,0,1,1,2.091059105910589,5.556828061699537
9.210340371976184,6,4,1,5,21,0,0,1,0,1,8.465199999999989,7.051855622955894
10.23995978915734,6,0,0,1,6,0,0,1,0,1,1.45414285714286,5.627621113690637
11.289781913656018,6,2,0,1,2,0,0,1,0,1,5.805475000000004,8.196987927258897
8.517193191416238,6,2,0,7,0,0,0,1,0,1,1.6387999999999974,4.356708826689592
8.517193191416238,6,2,0,1,10,0,0,1,0,1,1.1335999999999986,4.882801922586371
9.35010231435134,5,4,0,1,0,0,0,0,1,0,0.01086956521739133,1.9459101490553132
8.937218450855731,6,2,1,2,2,0,0,1,0,1,1.1459921156373207,5.075173815233827
7.824046010856292,4,6,0,2,12,0,0,0,1,1,2.2655999999999987,4.709530201312334
12.100712129872347,6,2,1,2,0,0,0,1,0,0,0.3522222222222224,6.361302477572996
8.922658299524402,4,0,0,1,1,0,0,0,1,0,0.500133333333333,4.290459441148391
10.021270588192513,4,0,1,2,11,0,0,0,1,1,1.002666666666667,5.123963979403259
9.615805480084347,5,0,0,3,0,0,0,0,1,1,7.013666666666666,7.141245122350491
10.16585181700362,5,4,1,1,0,0,0,0,1,1,1.0395769230769227,5.327876168789581
13.122363377404328,4,6,0,1,40,0,0,0,1,1,2.0760199999999998,8.355379895253634
12.524526376648708,5,1,0,2,2,0,0,0,1,1,1.0910763636363612,7.352441100243583
12.611537753638338,4,4,0,5,28,0,0,1,0,1,1.4681300000000044,8.325306029752582
9.822819649468672,5,1,0,12,22,0,0,1,0,1,1.0901333333333356,5.147494476813453
8.732304571033183,5,0,0,1,9,0,0,1,0,1,3.4488709677419385,6.530877627725885
10.819778284410283,5,4,0,3,10,0,0,1,0,1,1.58278,6.156978985585555
10.308952660644293,4,1,1,1,0,0,0,0,1,0,0.13300000000000003,3.4011973816621555
9.615805480084347,4,0,0,1,19,0,0,0,1,1,1.883266666666665,4.442651256490317
12.206072645530174,4,0,0,4,113,0,0,1,0,1,1.5100149999999963,7.4815557019095165
9.903487552536127,4,0,0,1,3,0,0,1,0,1,1.0613500000000002,5.5053315359323625
10.126631103850338,3,1,0,6,3,0,0,1,0,1,6.709999999999993,6.983789965258135
10.571316925111784,4,1,0,1,10,0,0,1,0,1,2.6653333333333347,6.915723448631314
11.225243392518449,3,1,0,16,29,0,0,1,0,1,1.2822666666666669,6.612041034833092
9.903487552536127,3,0,0,1,0,0,0,1,0,1,1.300499999999999,4.852030263919617
8.612503371220562,3,1,0,1,0,0,0,0,1,0,0.2912727272727272,3.6375861597263857
9.903487552536127,3,0,0,1,11,0,0,0,1,1,2.1472000000000016,6.721425700790643
9.903487552536127,2,4,0,1,3,0,0,0,1,1,1.0086000000000008,4.8283137373023015
8.517193191416238,3,0,0,1,0,0,0,1,0,1,1.0481999999999991,4.0943445622221
8.517193191416238,3,2,0,6,17,0,0,1,0,1,9.581999999999999,5.429345628954441
9.210340371976184,2,4,1,1,7,0,0,0,1,1,1.0693999999999986,4.9344739331306915
10.126631103850338,2,1,0,1,26,0,0,1,0,1,3.525880000000004,6.651571873589727
10.925938480238674,3,5,1,1,0,0,0,0,1,0,0.2517446043165467,4.624972813284271
8.517193191416238,2,0,1,13,46,0,0,0,1,1,6.0729999999999995,5.545177444479562
9.047821442478408,2,2,0,1,2,0,0,0,1,1,1.0712941176470583,3.5263605246161616
8.922658299524402,3,1,0,24,205,0,0,1,0,1,8.329466666666663,7.134890851565884
9.210340371976184,2,1,0,5,26,0,0,1,0,1,7.64609999999999,5.480638923341991
9.615805480084347,2,2,0,1,0,0,0,1,0,1,1.2681999999999973,5.10594547390058
10.79343430907068,2,0,0,1,0,0,0,1,0,1,2.158829568788506,6.455198563340122
11.002099841204238,2,1,0,1,0,0,0,1,0,0,0.22823333333333337,4.060443010546419
12.429216196844385,3,1,0,9,69,0,0,0,1,1,2.3722359999999965,9.120306249272202
9.159047077588632,2,1,1,4,13,0,0,1,0,1,1.0054736842105283,4.5217885770490405
8.699514748210191,2,1,1,1,19,0,0,1,0,1,1.1116666666666672,5.198497031265826
12.206072645530174,2,1,0,1,4,0,0,0,1,1,1.12271,5.66988092298052
12.649164247981888,2,2,0,2,2,0,0,1,0,1,3.9793645647072404,9.973013615184739
10.308952660644293,1,0,1,2,9,0,0,0,1,0,0.7378333333333315,4.787491742782046
6.684611727667927,1,1,0,1,44,0,0,1,0,1,3.2512499999999998,4.143134726391533
7.467371066917559,1,0,0,1,1,0,0,0,1,1,1.1205714285714299,3.912023005428146
8.006367567650246,1,0,1,3,0,0,0,1,0,1,1.3703333333333347,4.8283137373023015
6.684611727667927,1,3,1,2,36,0,0,1,0,1,6.203749999999997,3.7376696182833684
6.880384082186005,1,4,1,1,0,0,0,0,1,1,2.1829393627954787,4.060443010546419
10.46310334047155,1,2,0,2,1,0,0,1,0,0,0.6352857142857138,5.1647859739235145
9.615805480084347,1,2,0,2,10,0,0,0,1,1,1.1167999999999993,4.941642422609304
10.308952660644293,1,6,0,1,0,0,0,1,0,1,1.0533333333333328,4.912654885736052
6.907755278982137,1,5,1,15,141,0,0,0,1,1,4.076999999999997,4.204692619390966
8.294049640102028,1,1,1,1,6,0,0,1,0,1,1.548000000000001,4.663439094112067
6.214608098422191,1,1,1,1,56,0,0,1,0,1,8.972000000000001,4.736198448394496
7.313220387090301,1,5,1,1,82,0,0,1,0,1,4.044000000000002,5.318119993844216
7.5480289699350145,1,6,1,66,374,0,1,0,0,1,7.9367422245651005,4.3694478524670215
6.907755278982137,1,2,1,1,21,0,0,1,0,1,2.1410000000000005,4.499809670330265
9.392661928770137,12,3,0,1,0,0,0,0,1,1,1.1325000000000016,5.056245805348308
9.392661928770137,11,1,1,1,0,0,0,0,1,1,1.3019166666666697,5.043425116919247
10.404262840448617,11,0,0,2,0,0,0,0,1,0,0.24566666666666703,5.209486152841421
10.819778284410283,11,0,0,1,1,0,0,0,1,1,1.047759999999998,5.327876168789581
10.21464198117305,11,1,1,1,2,0,0,0,1,1,1.431322857142858,5.19295685089021
9.903487552536127,11,2,0,1,0,0,0,1,0,1,1.0657500000000004,5.480638923341991
11.225243392518449,11,0,1,1,5,0,0,0,1,1,1.0861199999999995,7.001245622069476
10.819778284410283,10,0,0,4,0,0,0,1,0,1,1.0378999999999976,5.278114659230517
9.615805480084347,11,1,1,1,18,0,0,0,1,1,1.2686666666666673,4.962844630259907
10.126631103850338,10,2,1,1,3,0,0,0,1,1,1.1469200000000013,6.095824562432225
9.615805480084347,10,1,0,1,0,0,0,1,0,1,1.1136666666666664,5.204006687076795
11.002099841204238,10,1,0,2,28,0,0,0,1,1,1.6474166666666619,5.799092654460526
11.156250521031495,11,2,0,7,27,0,0,1,0,1,1.3296142857142872,6.539585955617669
11.970350312009105,11,1,0,1,5,0,0,1,0,0,0.788506329113925,5.497168225293202
10.819778284410283,10,1,0,7,44,0,0,1,0,1,3.4508000000000005,7.886081401775745
8.987196820661973,8,0,0,35,4,0,0,1,0,1,1.9301249999999999,5.793013608384144
10.308952660644293,8,0,0,1,1,0,0,0,1,1,1.13463333333333,6.2422232654551655
11.002099841204238,9,2,0,1,5,0,0,0,1,1,1.2536000000000005,6.257667587882639
11.002099841204238,8,1,0,6,2,0,0,0,1,1,1.6438666666666653,7.4067107301776405
13.527828485512494,7,1,0,1,0,0,0,0,1,1,1.7387559999999993,9.008835995765454
9.903487552536127,8,6,0,13,16,0,1,0,0,1,4.7742,7.2485040723706105
9.836278802842678,7,2,0,9,16,0,0,1,0,1,2.5797860962566848,6.9726062513017535
9.615805480084347,7,0,0,1,0,0,0,1,0,1,1.2987333333333335,5.081404364984463
9.210340371976184,7,1,0,1,1,0,0,1,0,1,3.2344999999999886,6.115892125483034
10.819778284410283,7,0,1,3,3,0,0,1,0,1,4.4563599999999886,6.115892125483034
10.126631103850338,6,1,0,1,6,0,0,1,0,1,1.119999999999998,5.123963979403259
9.903487552536127,6,0,0,35,4,0,0,0,1,1,1.8511000000000017,6.255750041753367
9.433483923290392,7,2,0,4,6,0,0,1,0,1,4.558800000000003,6.021023349349527
11.918390573078392,6,1,0,4,2,0,0,0,1,1,1.3463133333333344,7.77779262633883
11.512925464970229,6,1,0,4,31,0,0,0,1,1,9.016530000000005,7.851661177889265
11.918390573078392,7,0,0,3,0,0,0,0,1,1,1.5299866666666697,7.446585099157725
12.206072645530174,6,1,0,6,19,0,0,1,0,1,1.1728950000000005,6.343880434126331
9.903487552536127,6,1,1,1,6,0,0,1,0,1,2.208350000000002,6.12029741895095
11.429804691575846,6,3,0,1,2,0,0,0,1,1,1.0263409545335995,6.111467339502679
9.210340371976184,6,4,0,2,1,0,0,1,0,1,1.175199999999997,4.770684624465665
9.472704636443671,5,1,1,1,14,0,0,0,1,1,1.7840769230769253,5.662960480135946
9.615805480084347,6,1,0,1,0,0,0,1,0,1,1.0578666666666652,4.90527477843843
9.615805480084347,5,0,1,2,37,0,0,1,0,1,1.1815333333333342,5.198497031265826
8.895629627136483,5,2,0,2,32,0,0,1,0,1,1.4815068493150692,5.726847747587197
12.493879710170106,5,3,1,1,3,0,0,0,1,1,1.0596550431196103,7.210079628170788
11.289781913656018,6,1,0,7,10,0,0,1,0,1,9.914437500000012,9.338821533624722
10.819778284410283,5,2,1,2,100,0,0,0,1,1,7.212119999999992,8.54849804124465
11.002099841204238,4,3,1,1,0,0,0,1,0,1,1.009933333333333,5.996452088619021
10.714417768752456,4,5,1,1,0,0,0,0,1,1,1.3755777777777782,5.147494476813453
10.545341438708522,3,1,0,1,1,0,0,1,0,1,1.1039210526315784,5.7745515455444085
14.50865773852422,4,3,0,2,3,0,0,1,0,1,3.2595094999999965,10.50731159513587
11.225243392518449,3,3,1,1,30,0,0,0,1,1,8.045599999999995,7.761744984658913
9.903487552536127,3,0,0,4,6,0,0,1,0,1,6.992700000000006,7.293697720601438
10.968198289528557,3,0,0,2,321,0,0,1,0,1,9.116982758620683,8.445267451844648
10.126631103850338,1,4,0,1,0,0,0,1,0,1,1.7759999999999991,6.630683385642372
10.308952660644293,1,1,1,1,2,0,0,1,0,1,1.027833333333331,4.543294782270004
8.987196820661973,1,0,0,35,4,0,0,1,0,1,2.1170000000000013,6.077642243349034
10.819778284410283,11,2,1,1,1,0,0,0,1,1,1.0370599999999996,6.198478716492308
10.819778284410283,10,1,0,1,16,0,0,1,0,0,0.5318600000000001,5.420534999272286
10.46310334047155,10,1,0,2,0,0,0,0,1,1,1.435257142857145,6.593044534142437
8.987196820661973,8,0,1,1,2,0,0,0,1,1,1.0757499999999995,5.537334267018537
10.819778284410283,8,0,0,1,0,0,0,1,0,0,0.6362999999999994,5.940171252720432
10.126631103850338,7,3,0,1,1,0,0,1,0,1,1.0001600000000008,5.934894195619588
10.308952660644293,8,1,0,16,29,0,0,1,0,1,1.4395666666666656,7.01211529430638
9.903487552536127,7,3,0,1,0,0,0,1,0,1,1.8378500000000006,4.90527477843843
10.126631103850338,8,2,0,3,0,0,0,1,0,1,2.7893200000000022,6.398594934535208
12.206072645530174,6,0,0,1,0,0,0,0,1,0,0.18499499999999947,5.924255797414532
12.206072645530174,7,1,1,1,25,0,0,1,0,1,1.3005649999999997,7.974532844130228
11.728036844587177,7,0,1,4,53,0,0,0,1,1,2.3543629032257996,6.919683849847411
10.203592144986466,5,5,0,1,5,0,0,0,1,1,1.0200370370370364,4.718498871295094
10.819778284410283,5,1,0,2,0,0,0,0,1,1,8.715979999999998,6.501289670540389
11.156250521031495,4,4,0,6,19,0,0,0,1,1,3.2285714285714375,7.504391559161238
11.225243392518449,4,3,1,1,1,0,0,1,0,1,1.0513599999999979,6.812345094177479
10.308952660644293,2,1,1,1,4,0,0,1,0,1,1.3510999999999997,5.976350909297934
10.308952660644293,1,4,0,1,0,0,0,1,0,0,0.08756666666666668,4.110873864173311
9.903487552536127,1,2,0,1,1,0,0,1,0,1,1.0272500000000007,5.0106352940962555
10.126631103850338,1,0,0,1,3,0,0,1,0,1,1.2949199999999998,6.206575926724928
11.477072355070556,12,3,0,1,12,0,0,0,1,1,1.1411555563847595,5.087596335232384
9.392661928770137,12,1,1,4,3,0,0,1,0,1,1.2174166666666706,6.664409020350408
12.611537753638338,12,4,0,7,27,0,0,1,0,1,1.2419733333333347,7.349873704738337
10.203555107263542,11,4,0,1,4,0,0,0,1,0,0.5023889773695317,4.330733340286331
9.210340371976184,11,1,0,1,0,0,0,0,1,1,1.0025999999999982,5.1298987149230735
11.082142548877776,10,1,0,3,0,0,0,0,1,1,1.1880615384615354,6.234410725718371
10.126631103850338,10,2,1,1,0,0,0,0,1,1,1.0298400000000008,5.187385805840755
10.308952660644293,10,0,0,1,16,0,0,1,0,1,1.7257333333333318,7.51425465281641
10.819778284410283,10,2,1,1,7,0,0,0,1,1,4.36364,6.580639137284949
12.206072645530174,9,1,0,3,30,0,0,1,0,0,0.2007849999999999,3.784189633918261
13.017002861746503,9,1,0,1,2,0,0,0,1,1,3.9273355555555436,8.11552088154677
10.819778284410283,9,1,0,1,1,0,0,0,1,1,8.41670000000001,8.205218426395412
11.512925464970229,9,1,1,4,53,0,0,0,1,1,5.578119999999995,8.164225652265827
10.819778284410283,9,1,0,1,0,0,0,0,1,1,3.292980000000005,7.07326971745971
9.210340371976184,9,0,0,1,1,0,0,1,0,0,0.5671999999999991,4.804021044733257
10.126631103850338,9,1,1,1,2,0,0,1,0,1,2.720640000000002,5.0106352940962555
9.615805480084347,9,0,0,1,0,0,0,1,0,1,1.2215999999999982,5.384495062789089
11.407564949312402,8,1,0,10,6,0,0,1,0,1,2.0761333333333316,6.974478911025045
8.517193191416238,8,3,0,6,32,0,0,1,0,1,5.182599999999993,5.220355825078324
9.734358589528156,8,3,0,2,0,0,0,1,0,1,1.680720037896732,5.476463551931511
7.426549072397305,8,6,1,1,1,0,0,1,0,1,1.019047619047619,3.4965075614664802
11.512925464970229,8,6,0,7,14,0,0,1,0,1,1.5403100000000007,7.280697195384741
9.615805480084347,8,3,0,1,0,0,0,1,0,1,2.0787333333333304,5.25227342804663
11.512925464970229,7,1,0,1,0,0,0,0,1,1,1.0561099999999999,5.099866427824199
11.512925464970229,7,0,0,1,0,0,0,0,1,1,1.0108800000000007,6.805722553416985
12.206072645530174,7,2,0,53,62,0,0,1,0,1,7.463570000000002,9.376617231601282
9.903487552536127,7,1,1,1,47,0,0,1,0,1,3.501300000000001,7.013915474810528
8.922658299524402,7,1,0,1,1,0,0,1,0,1,1.035333333333333,4.30406509320417
10.46310334047155,7,1,0,3,0,0,0,1,0,1,6.245828571428577,7.069874128458572
11.512925464970229,7,1,0,13,54,0,0,0,1,1,1.6515100000000036,7.518607216815252
11.461632170582678,7,0,1,1,4,0,0,0,1,0,0.07857894736842101,4.859812404361672
8.006367567650246,7,3,0,1,0,0,0,1,0,1,1.049666666666667,4.0943445622221
10.126631103850338,7,0,0,34,14,0,0,1,0,1,3.6197599999999976,5.820082930352362
9.615805480084347,6,3,0,1,0,0,0,0,1,0,0.7198666666666659,5.111987788356544
8.85366542803745,7,1,1,1,13,0,0,1,0,1,1.6855714285714314,4.700480365792417
10.126631103850338,6,1,0,1,0,0,0,0,1,1,1.0039199999999981,5.303304908059076
10.126631103850338,6,6,0,3,8,0,0,0,1,1,1.072799999999999,5.988961416889864
11.512925464970229,7,1,0,7,16,0,0,0,1,1,6.134789999999998,8.00469951054955
9.392661928770137,7,0,0,9,130,0,0,0,1,1,4.399999999999997,6.569481420414296
8.699514748210191,6,1,0,2,8,0,0,1,0,1,1.0006666666666684,3.9889840465642745
9.51044496442652,6,1,0,24,98,0,0,0,1,1,1.0143703703703713,5.225746673713202
11.582432870728384,6,0,0,3,0,0,0,1,0,1,1.126989999813426,5.081404364984463
10.757902880692196,6,6,0,1,7,0,0,1,0,1,1.0246808510638288,5.37989735354046
9.862665558015872,6,0,1,4,16,0,0,1,0,0,0.7055729166666669,6.0473721790462776
9.615805480084347,6,0,0,5,9,0,0,1,0,1,2.577799999999994,7.343426229147367
11.225243392518449,6,2,0,3,12,0,0,0,1,1,8.57997333333332,8.268731832117737
10.126631103850338,4,1,0,1,6,0,0,0,1,1,1.0751200000000007,5.872117789475416
11.06663836234181,5,4,0,1,0,0,0,0,1,1,1.0967812499999985,6.6895992691789665
10.819778284410283,6,0,0,3,3,0,0,0,1,1,1.1501000000000028,6.111467339502679
10.46310334047155,5,0,1,8,2,0,0,0,1,1,2.4624571428571427,6.838405200847344
9.903487552536127,5,4,0,18,52,0,0,1,0,1,1.266849999999998,6.525029657843462
9.210340371976184,6,0,0,1,34,0,0,1,0,1,7.075999999999989,6.1463292576688975
9.903487552536127,5,2,0,2,4,0,0,1,0,1,1.0855000000000012,5.159055299214529
9.615805480084347,5,3,1,1,3,0,0,0,1,1,1.6240666666666652,5.662960480135946
9.392661928770137,5,1,0,1,7,0,0,1,0,1,1.0553333333333343,5.877735781779639
9.104979856318357,5,0,1,2,7,0,0,1,0,1,1.2167777777777786,4.844187086458591
9.615805480084347,6,4,0,6,32,1,0,0,0,1,1.0028666666666664,4.718498871295094
10.864751650053014,5,2,0,1,0,0,0,0,1,1,1.341051625239006,5.793013608384144
11.472103470449971,5,1,0,4,0,0,0,0,1,1,1.4175416666666703,7.22983877815125
9.615805480084347,5,2,0,10,109,0,0,1,0,1,2.965200000000001,6.55250788703459
9.392661928770137,5,2,1,2,5,0,0,1,0,1,1.0574166666666671,5.594711379601839
10.714417768752456,5,1,0,1,1,0,0,0,1,1,2.7321111111111103,7.871692664323645
9.903487552536127,5,2,1,1,10,0,0,1,0,1,1.0364500000000005,5.605802066295998
10.596634733096073,5,3,1,1,1,0,0,1,0,1,1.102575000000001,5.3706380281276624
11.531139576340832,4,4,0,2,0,0,0,1,0,1,1.3863842118028513,4.6913478822291435
9.210340371976184,5,2,0,3,0,0,0,1,0,1,1.8876999999999944,5.777652323222656
11.225243392518449,5,3,0,1,0,0,0,0,1,1,1.044213333333332,6.0014148779611505
11.156250521031495,5,1,0,1,1,0,0,0,1,0,0.08724285714285722,3.6888794541139363
9.210340371976184,4,4,0,2,0,0,0,1,0,1,5.505099999999996,7.149131598557407
12.072541252905651,4,0,0,2,1,0,0,1,0,1,1.013325714285715,7.282073658093465
8.582044163735853,4,3,0,1,2,0,0,1,0,1,1.0084348641049683,4.465908118654584
10.819778284410283,4,0,0,1,16,0,0,1,0,1,1.22156,5.5254529391317835
9.903487552536127,4,1,0,3,5,0,0,0,1,1,1.2107500000000002,5.0689042022202315
9.210340371976184,4,6,1,4,41,0,0,0,1,1,1.4312999999999965,6.467698726104354
8.85366542803745,4,1,0,10,105,0,0,0,1,1,1.8870000000000002,5.752572638825633
9.903487552536127,4,1,0,1,0,0,0,1,0,1,2.5523500000000063,7.113142108707088
8.517193191416238,4,1,0,7,10,0,0,1,0,1,1.6031999999999975,5.497168225293202
10.308952660644293,4,2,1,1,8,0,0,1,0,1,1.1183333333333327,5.802118375377063
10.819778284410283,4,2,0,1,8,0,0,1,0,1,1.0441599999999975,6.2422232654551655
9.210340371976184,4,3,1,1,8,0,0,1,0,1,7.178599999999989,7.368970402194793
11.002099841204238,4,0,0,7,27,0,0,1,0,1,1.1091333333333306,6.52795791762255
9.392661928770137,4,1,0,1,0,0,0,0,1,0,0.6581666666666676,4.204692619390966
10.596634733096073,3,4,0,2,20,0,0,1,0,1,1.289750000000001,6.068425588244111
8.34283980427146,4,0,0,3,159,0,0,1,0,1,9.676666666666664,7.266128779556451
10.819778284410283,4,1,0,34,14,0,0,0,1,1,1.0252599999999998,5.351858133476067
10.46310334047155,4,1,0,1,1,0,0,0,1,1,1.2371714285714295,6.115892125483034
9.210340371976184,3,2,0,1,0,0,0,1,0,1,1.6571999999999985,5.062595033026967
8.699514748210191,3,2,0,1,12,0,0,1,0,1,1.1885000000000006,4.04305126783455
8.517193191416238,4,0,0,1,1,0,0,1,0,1,1.3367999999999989,4.418840607796598
10.596634733096073,3,4,1,1,0,0,0,1,0,1,1.2900000000000005,6.263398262591624
14.066269276311456,3,1,0,2,1,0,0,0,1,1,1.11530038910506,9.821246597152218
12.072541252905651,4,0,0,1,0,0,0,1,0,0,0.866211428571428,7.400620577371135
8.987196820661973,3,1,1,1,45,0,0,0,1,1,1.1482500000000007,5.123963979403259
9.35010231435134,3,1,0,8,26,0,0,1,0,1,1.668173913043482,5.3981627015177525
7.88758403166028,3,0,0,1,1,0,0,1,0,0,0.12424924924924921,2.1972245773362196
11.225243392518449,1,2,0,2,2,0,0,0,1,1,3.5947199999999944,7.431299675155903
11.225243392518449,7,0,0,4,137,0,0,1,0,1,3.7874399999999877,8.513586695822125
8.294049640102028,3,2,1,1,1,0,0,1,0,1,1.030750000000001,4.605170185988092
11.512925464970229,2,2,0,13,54,0,0,1,0,1,4.45325,7.051855622955894
10.596609732783568,3,0,1,3,79,0,0,1,0,1,1.1779044476111895,7.259116128097101
9.615805480084347,3,3,0,1,0,0,0,1,0,1,1.634866666666668,5.1298987149230735
10.308952660644293,2,1,1,1,7,0,0,0,1,1,2.041966666666667,6.248042874508429
10.126631103850338,3,2,0,1,0,0,0,1,0,0,0.34288000000000046,3.970291913552122
10.915088464214609,2,1,0,1,3,0,0,0,1,1,1.0646363636363625,6.054439346269371
8.699514748210191,2,1,1,2,12,0,0,1,0,1,2.8391666666666744,5.641907070938114
8.867850063029406,2,4,1,1,87,0,0,0,1,1,1.0516901408450714,5.318119993844216
9.615805480084347,2,1,1,1,1,0,0,0,1,1,1.1653333333333322,4.532599493153256
8.517193191416238,2,3,0,1,1,0,0,1,0,0,0.3177999999999999,3.784189633918261
9.903487552536127,2,1,0,1,0,0,0,0,1,1,8.00560000000001,7.442492722794441
11.362102575235644,2,0,0,5,45,0,0,0,1,0,0.8649534883720937,6.244166900663736
11.156250521031495,2,1,0,10,6,0,0,1,0,1,3.4510571428571484,6.9411900550683745
11.918390573078392,2,1,0,1,1,0,0,1,0,1,6.708346666666684,8.147288258706624
7.824046010856292,2,2,0,4,153,0,0,1,0,1,1.5128000000000006,5.049856007249537
9.615805480084347,1,1,1,6,8,0,0,1,0,1,1.0313999999999992,5.802118375377063
9.825526011066415,1,2,1,3,41,0,0,1,0,1,1.841351351351352,6.96979066990159
8.794824928014517,1,1,0,2,15,0,0,1,0,1,2.52045454545454,5.973809611869261
8.006367567650246,1,2,0,6,1,0,0,1,0,1,3.8283333333333385,5.017279836814924
10.126631103850338,1,1,1,15,223,0,0,0,1,1,1.1504000000000008,5.910796644040527
8.294049640102028,1,1,1,2,20,0,1,0,0,1,1.5012500000000004,4.454347296253507
8.779557455883728,1,0,1,1,0,0,0,0,1,1,1.546461538461538,4.736198448394496
9.798127036878302,1,1,1,1,11,0,0,1,0,1,4.1102777777777835,7.177782416195197
9.798127036878302,1,1,1,3,27,0,0,1,0,1,1.0467222222222214,5.402677381872279
9.615805480084347,1,2,0,3,15,0,0,0,1,1,1.1170000000000004,5.1298987149230735
9.210340371976184,1,3,0,7,188,0,0,1,0,1,3.8581999999999943,6.988413181999592
8.006367567650246,1,3,0,1,12,0,0,1,0,1,1.5163333333333333,4.867534450455582
8.517193191416238,12,2,1,2,3,0,0,0,1,1,9.1188,6.343880434126331
10.819778284410283,1,1,0,5,26,0,0,0,1,1,3.001820000000007,6.790097235513905
9.903487552536127,1,2,1,1,1,0,0,1,0,1,7.514350000000004,8.371473537066832
10.196138509608492,12,5,1,1,0,0,0,0,1,1,1.0185600104479562,3.58351893845611
9.210340371976184,1,3,0,1,2,0,0,1,0,1,1.0499999999999983,5.389071729816501
10.837992395780889,12,2,0,1,0,0,0,0,1,1,1.1743999937155116,4.844187086458591
7.313220387090301,1,2,1,1,1,0,0,1,0,0,0.22133333333333327,2.995732273553991
8.922658299524402,12,2,0,1,0,0,0,0,1,1,1.3031999999999992,5.093750200806762
11.127262984158245,11,1,1,1,2,0,0,0,1,1,1.0106617647058824,6.20455776256869
10.126631103850338,12,1,0,1,9,0,0,0,1,1,1.183040000000001,6.152732694704104
9.392661928770137,12,0,0,1,11,0,0,1,0,0,0.448833333333334,5.0369526024136295
10.545341438708522,12,1,0,14,0,0,0,1,0,1,1.0051315789473678,5.648974238161206
10.126631103850338,11,2,1,1,0,0,0,0,1,0,0.29212000000000005,4.007333185232471
10.126631103850338,12,1,0,2,29,0,0,1,0,1,1.0091200000000002,5.135798437050262
8.804775258867686,12,4,0,1,6,0,0,0,1,1,1.6555655565556529,5.752572638825633
11.002099841204238,11,3,0,3,49,0,0,1,0,1,1.0218833333333304,6.152732694704104
10.532610746229704,12,1,0,1,0,0,0,0,1,1,1.0159857193497754,4.0943445622221
9.615805480084347,12,1,0,1,0,0,0,1,0,0,0.2986666666666666,4.204692619390966
9.210340371976184,12,1,0,2,9,0,0,0,1,1,4.029400000000003,6.536691597591305
8.699514748210191,11,2,0,5,305,0,0,1,0,1,1.829000000000001,6.054439346269371
10.819778284410283,11,2,1,10,12,0,0,0,1,1,7.030599999999984,5.572154032177765
9.210340371976184,12,1,0,3,2,0,0,1,0,1,1.5341999999999973,5.556828061699537
11.48854055503454,11,0,0,2,12,0,0,0,1,0,0.7351497576620788,6.236369590203704
9.210340371976184,12,2,0,8,11,0,0,0,1,1,4.474199999999995,6.530877627725885
9.615805480084347,10,3,1,1,4,0,0,0,1,1,1.0719333333333327,5.541263545158426
8.517193191416238,11,1,0,1,1,0,0,1,0,0,0.2229999999999999,2.70805020110221
9.903487552536127,11,5,0,1,0,0,0,0,1,1,1.7512500000000013,5.627621113690637
11.805576422042591,11,1,0,1,3,0,0,1,0,1,1.1453880035075292,5.209486152841421
7.600902459542082,11,0,1,2,14,0,0,1,0,1,5.520999999999999,5.236441962829949
10.126631103850338,11,1,0,12,1,0,0,1,0,1,1.165719999999997,6.135564891081739
10.819778284410283,11,1,1,1,0,0,0,1,0,1,1.011139999999999,6.054439346269371
9.798127036878302,11,3,1,1,16,0,0,1,0,1,1.1858888888888874,5.3471075307174685
8.294049640102028,11,5,1,2,288,0,0,0,1,1,2.7622500000000048,5.8998973535824915
11.461632170582678,10,2,1,1,21,0,0,1,0,1,1.1282210526315797,6.5337888379333435
8.517193191416238,11,2,1,1,7,0,0,1,0,1,1.2624,5.958424693029782
11.082142548877776,10,1,0,1,1,0,0,0,1,1,2.734046153846149,8.482394685873542
9.903487552536127,11,0,1,2,14,0,0,0,1,1,1.8254500000000005,6.111467339502679
10.714417768752456,10,3,0,2,1,0,0,1,0,1,1.6363111111111104,5.924255797414532
10.126631103850338,10,1,0,5,17,0,0,1,0,1,1.140599999999999,6.429719478039138
9.210340371976184,10,2,0,1,0,0,0,0,1,1,3.677999999999997,5.25227342804663
10.596634733096073,10,0,0,1,13,0,0,0,1,1,1.307850000000001,5.8916442118257715
10.915088464214609,10,0,1,1,8,0,0,0,1,1,1.3296545454545432,5.805134968916488
9.903487552536127,9,4,0,1,11,0,0,1,0,1,1.0064000000000017,5.327876168789581
10.308952660644293,10,1,0,1,7,0,0,0,1,0,0.2660666666666664,4.532599493153256
10.126631103850338,10,3,1,1,2,0,0,1,0,1,1.0667199999999997,5.846438775057725
9.615805480084347,10,2,0,1,6,0,0,0,1,1,1.1096666666666666,5.752572638825633
11.002099841204238,9,0,0,16,29,0,0,1,0,1,1.3173999999999988,6.823286122355687
10.126631103850338,10,2,0,2,5,0,0,1,0,0,0.3836000000000002,5.517452896464707
10.571316925111784,9,0,0,6,216,0,0,1,0,1,2.510461538461534,7.633853559681768
11.512925464970229,9,1,0,3,14,0,0,1,0,1,2.1901199999999994,8.409385238781931
10.819778284410283,9,1,0,4,16,0,0,1,0,1,1.1402400000000006,6.118097198041348
9.903487552536127,9,4,0,1,5,0,0,0,1,1,1.0912500000000018,5.4638318050256105
10.126631103850338,10,0,1,1,31,0,0,1,0,1,5.636799999999986,7.616283561580385
7.824046010856292,9,1,0,1,3,0,0,1,0,1,4.669599999999996,6.089044875446846
10.308952660644293,9,2,1,1,6,0,0,1,0,1,1.3824666666666667,6.150602768446279
10.596634733096073,9,1,0,1,0,0,0,1,0,1,7.903375000000004,7.909489492673759
11.512925464970229,8,0,0,3,21,0,0,0,1,0,0.3636900000000002,5.3981627015177525
9.210340371976184,9,2,0,2,13,0,0,1,0,1,1.6341999999999977,5.666426688112432
9.104979856318357,9,3,0,1,3,0,0,1,0,1,1.02,4.74493212836325
10.308952660644293,8,2,0,2,18,0,0,0,1,1,1.275233333333333,5.332718793265369
10.308952660644293,8,1,0,1,0,0,0,1,0,1,1.1098000000000001,5.883322388488279
10.596634733096073,9,2,0,1,0,0,0,1,0,1,1.8071250000000023,5.673323267171493
8.517193191416238,8,1,0,3,9,0,0,1,0,1,1.1735999999999989,5.480638923341991
10.819778284410283,8,2,0,1,0,0,0,0,1,0,0.2852399999999999,2.8903717578961645
8.242756345714477,8,3,0,8,26,0,0,1,0,1,2.4252631578947357,5.247024072160486
10.819778284410283,8,2,0,1,0,0,0,0,1,1,2.0356999999999994,4.997212273764115
10.491274217438248,8,3,0,4,2,0,0,1,0,1,1.042444444444444,6.999422467507961
9.210340371976184,8,1,0,2,4,0,0,1,0,1,6.544800000000012,7.147559271189454
10.126631103850338,8,2,0,1,0,0,0,0,1,1,1.4842800000000023,6.131226489483141
9.210340371976184,8,2,1,5,15,0,0,1,0,1,7.853199999999991,6.670766320845874
8.987196820661973,8,2,0,4,3,0,0,0,1,1,1.9656250000000013,6.551080335043404
10.126631103850338,8,1,0,1,0,0,0,1,0,1,2.025119999999998,5.905361848054571
9.472704636443671,8,2,1,2,9,0,0,1,0,1,1.3670769230769289,5.541263545158426
9.190137664658664,7,0,0,8,26,0,0,1,0,1,1.0451020408163256,5.267858159063328
9.210340371976184,7,1,0,2,0,0,0,0,1,1,1.5991999999999984,5.8664680569332965
11.082142548877776,7,1,0,2,17,0,0,0,1,1,1.0523076923076873,6.259581464064923
10.819778284410283,8,2,0,3,0,0,0,1,0,1,1.2181999999999988,5.749392985908253
9.903487552536127,8,3,0,3,23,0,0,0,1,1,1.953900000000001,6.39024066706535
9.615805480084347,7,1,0,1,4,0,0,0,1,1,1.0867333333333338,5.293304824724492
10.126631103850338,7,0,0,1,0,0,0,0,1,1,1.0410000000000008,6.208590026096629
13.919870573288517,7,1,0,2,1,0,0,0,1,0,0.542008108108108,8.114922974204593
10.819778284410283,7,1,0,3,0,0,0,1,0,1,3.373439999999992,8.055157731819678
10.126631103850338,7,1,0,1,0,0,0,1,0,1,2.2597600000000018,6.675823221634848
9.615805480084347,7,1,1,1,2,0,0,1,0,1,2.1043333333333383,5.3471075307174685
10.126631103850338,7,0,0,1,20,0,0,1,0,1,2.134879999999999,6.226536669287466
12.310869502362207,7,1,1,5,136,0,0,1,0,1,3.1364133689333897,7.77485576666552
10.819778284410283,6,1,1,1,7,0,0,0,1,1,1.03154,6.529418838262226
10.819778284410283,6,2,0,3,3,0,0,1,0,1,1.5314399999999986,7.388946097618437
10.126631103850338,6,4,0,3,0,0,0,1,0,1,8.725280000000005,8.062432791583195
9.64049809267472,6,2,0,1,7,0,0,0,1,1,1.0731199999999976,5.402677381872279
10.819778284410283,6,0,0,1,0,0,0,1,0,1,1.0850799999999994,4.30406509320417
9.615805480084347,6,1,0,1,0,0,0,0,1,1,1.296866666666667,5.43372200355424
8.987196820661973,6,1,0,1,1,0,0,1,0,1,1.34175,5.342334251964811
11.289781913656018,6,2,1,1,80,0,0,1,0,1,1.3046125000000008,7.38770923908104
11.73342552533902,1,1,1,2,40,0,0,0,1,1,1.064995588353251,7.354362330421477
11.512925464970229,6,2,0,13,54,0,0,1,0,1,2.839809999999995,7.661527081358517
11.512925464970229,6,1,1,2,24,0,0,1,0,1,1.2429499999999998,7.161622002939187
10.596634733096073,6,3,1,1,16,0,0,1,0,1,1.194475000000001,7.459914766241105
10.819778284410283,6,2,0,1,0,0,0,0,1,1,4.202340000000001,5.62040086571715
10.126631103850338,6,4,1,1,5,0,0,1,0,1,2.2424000000000026,6.359573868672378
9.210340371976184,6,1,0,2,0,0,0,1,0,1,2.1094999999999993,5.135798437050262
10.308952660644293,5,3,0,1,0,0,0,0,1,1,3.8137000000000003,4.574710978503383
10.596634733096073,6,1,0,1,5,0,0,0,1,1,2.8249749999999954,6.052089168924417
10.571316925111784,6,0,0,1,40,0,0,1,0,1,1.0673076923076914,6.023447592961033
10.46310334047155,6,0,0,1,7,0,0,1,0,1,3.4294571428571454,7.428927194802272
10.126631103850338,5,3,0,12,1,0,0,1,0,1,2.6593200000000023,6.985641817639208
10.308952660644293,5,0,1,1,0,0,0,1,0,1,1.097,5.860786223465865
11.225243392518449,5,1,1,1,23,0,0,0,1,0,0.5112533333333329,5.54907608489522
10.819778284410283,5,1,0,1,1,0,0,1,0,1,1.4237000000000002,6.049733455231958
9.210340371976184,6,0,0,6,32,1,0,0,0,1,1.3749999999999998,5.488937726156687
11.002099841204238,5,2,0,1,0,0,0,0,1,1,1.4496833333333359,4.382026634673881
10.819778284410283,5,2,0,5,9,0,0,0,1,1,8.719119999999991,7.682482446534506
11.225243392518449,5,1,0,1,0,0,0,0,1,1,1.1589333333333292,7.27931883541462
10.819778284410283,5,1,0,1,0,0,0,1,0,1,1.09346,6.940222469119639
10.308952660644293,5,1,0,1,1,0,0,0,1,1,6.285566666666648,6.647688373563329
10.308952660644293,5,1,1,4,34,0,0,1,0,1,1.0174000000000003,5.402677381872279
10.308952660644293,5,2,0,1,7,0,0,1,0,1,1.1397666666666646,5.62040086571715
9.903487552536127,5,2,0,6,0,0,0,0,1,1,2.0678499999999964,5.8805329864007
11.512925464970229,5,0,0,7,27,0,0,1,0,1,1.2207699999999997,6.952728644624869
9.903487552536127,5,2,0,5,17,0,0,1,0,1,1.4624500000000018,6.331501849893691
12.429216196844385,5,3,1,1,3,0,0,1,0,1,1.168716,7.468513271496337
10.126631103850338,5,1,0,1,1,0,0,0,1,1,3.1176399999999993,6.393590753950631
10.596634733096073,5,1,0,13,118,0,0,0,1,1,2.2358750000000005,6.1224928095143865
10.819778284410283,4,3,0,1,8,0,0,1,0,1,1.4889800000000004,6.721425700790643
11.002099841204238,5,2,0,16,29,0,0,0,1,1,1.326283333333332,6.230481447578482
10.126631103850338,4,2,1,1,25,0,0,0,1,1,1.3958800000000007,6.419994928147142
10.373491181781864,4,1,0,3,270,0,0,1,0,1,1.221968749999999,6.391917113392602
9.392661928770137,5,2,0,2,6,0,0,1,0,1,1.022583333333334,4.74493212836325
11.225243392518449,4,0,0,1,0,0,0,0,1,1,1.0923599999999987,6.9363427358340495
11.512925464970229,4,2,0,2,1,0,0,1,0,1,1.042599999999999,7.027314514039777
10.46310334047155,4,3,1,2,41,0,0,0,1,1,1.503400000000001,6.289715570908998
10.545341438708522,4,0,0,1,1,0,0,1,0,1,1.092868421052633,6.111467339502679
10.146433731146518,4,1,0,1,19,0,0,1,0,1,1.2835294117647085,6.366470447731438
9.210340371976184,4,4,0,1,1,0,0,0,1,1,1.0678000000000005,4.7535901911063645
11.884489021402713,4,0,0,4,28,0,0,0,1,0,0.5406827586206886,6.898714534329988
10.819778284410283,4,3,0,6,6,0,0,1,0,1,5.345919999999996,5.402677381872279
9.546812608597396,4,3,0,2,9,0,0,1,0,1,1.0594999999999988,5.0369526024136295
9.210340371976184,4,3,0,1,1,0,0,1,0,1,2.0180999999999973,4.795790545596741
10.889285690168435,4,2,0,1,4,0,0,0,1,1,2.119749995335738,4.532599493153256
10.819778284410283,4,1,0,5,60,0,1,0,0,1,4.407640000000003,7.165493475060845
10.819778284410283,4,0,0,1,7,0,0,1,0,1,3.0854399999999984,6.248042874508429
8.987196820661973,3,3,0,1,3,0,0,0,1,1,1.0074999999999998,4.442651256490317
10.819778284410283,3,1,0,2,0,0,0,0,1,1,1.1398199999999992,6.016157159698354
8.85366542803745,3,3,0,2,1,0,0,1,0,1,9.855571428571423,5.572154032177765
11.512925464970229,4,1,0,1,0,0,0,0,1,1,2.0014700000000016,7.95892649305011
9.392661928770137,3,4,0,1,1,0,0,1,0,1,3.289666666666677,5.652489180268651
11.289781913656018,3,2,0,1,0,0,0,1,0,1,1.4179750000000004,7.264730177929867
8.517193191416238,2,0,1,3,0,0,0,1,0,0,0.3019999999999998,3.332204510175204
10.819778284410283,3,4,0,3,9,0,0,0,1,1,1.1161600000000005,3.9318256327243257
9.64859530290734,3,1,0,1,5,0,0,0,1,1,1.6765161290322506,6.284134161070802
11.225243392518449,3,4,0,1,0,0,0,0,1,1,1.1933999999999976,8.036573409707312
10.126631103850338,3,1,0,1,30,0,0,0,1,1,2.8456400000000017,7.1891677384203225
10.404262840448617,2,1,1,1,47,0,0,0,1,1,1.0614242424242426,6.490723534502507
9.903487552536127,2,1,0,3,2,0,0,1,0,1,1.0012500000000015,4.852030263919617
10.126631103850338,3,4,0,2,20,0,0,1,0,1,1.1244400000000003,6.052089168924417
9.615805480084347,2,3,1,1,44,0,0,1,0,1,1.4045333333333325,5.69035945432406
9.615805480084347,2,6,0,1,0,0,0,1,0,0,0.43379999999999985,5.198497031265826
10.126631103850338,2,2,0,2,32,0,0,1,0,1,2.4665599999999968,6.974478911025045
9.903487552536127,2,1,0,2,1,0,0,0,1,1,1.0595000000000008,4.477336814478207
9.903487552536127,3,3,1,2,1,0,0,1,0,0,0.006300000000000006,1.791759469228055
11.02679245379461,2,0,0,1,1,0,0,0,1,1,1.2210731707317075,6.238324625039508
10.126631103850338,2,1,0,1,0,0,0,1,0,1,7.3488000000000016,8.053251153549096
8.922658299524402,2,2,0,1,0,0,0,0,1,1,1.1089333333333338,4.634728988229636
9.903487552536127,2,2,0,1,1,0,0,1,0,1,1.1296500000000016,5.918893854273146
9.903487552536127,2,0,1,3,55,0,0,1,0,1,1.1569500000000004,5.43372200355424
8.987196820661973,2,1,0,1,6,0,0,1,0,1,1.346249999999999,5.327876168789581
9.903487552536127,1,2,0,1,3,0,0,0,1,1,1.3009500000000016,5.303304908059076
10.308952660644293,1,0,1,2,7,0,0,1,0,1,1.7739333333333338,6.952728644624869
11.002099841204238,1,2,0,1,4,0,0,1,0,1,3.261549999999997,7.908019444632471
9.903487552536127,1,5,1,6,8,0,0,0,1,1,1.5343000000000042,6.4967749901858625
10.46310334047155,1,1,0,1,10,0,0,1,0,1,1.2304285714285725,5.602118820879701
11.805576422042591,1,4,0,1,0,0,0,0,1,1,1.076032000597029,5.209486152841421
10.714417768752456,1,6,0,7,82,0,0,0,1,1,2.1779333333333333,7.781138509845015
8.648221453822641,12,2,0,1,0,0,0,0,1,1,1.0324210526315791,4.532599493153256
9.615805480084347,12,1,1,1,10,0,0,1,0,1,1.0370000000000004,5.991464547107982
9.903487552536127,11,0,0,2,10,0,0,0,1,1,3.0007500000000054,6.345636360828596
9.903487552536127,11,0,0,6,13,0,0,0,1,1,1.0666500000000008,5.641907070938114
9.903487552536127,12,2,0,1,2,0,0,0,1,1,1.1084500000000004,5.717027701406222
9.104979856318357,11,2,0,2,10,0,0,0,1,1,2.6011111111111074,6.272877006546167
9.210340371976184,12,0,0,1,0,0,0,0,1,1,1.2366999999999984,5.823045895483019
10.545341438708522,12,4,0,14,0,0,0,0,1,1,1.004157894736842,5.777652323222656
8.987196820661973,12,2,0,2,1,0,0,0,1,1,8.455999999999998,5.666426688112432
10.308952660644293,12,1,0,1,2,0,0,0,1,1,1.6386666666666678,6.988413181999592
10.308952660644293,11,2,1,1,4,0,0,1,0,1,1.6922000000000004,5.988961416889864
11.512925464970229,11,1,0,9,2,0,0,0,1,1,1.4936299999999987,7.136483208590247
10.596634733096073,11,0,0,2,2,0,0,1,0,1,6.08672500000002,8.241966560231802
9.210340371976184,12,0,1,2,21,0,0,1,0,1,1.0179999999999962,5.802118375377063
10.46310334047155,12,0,1,1,1,0,0,0,1,0,0.05805714285714292,3.5553480614894135
7.824046010856292,11,1,1,1,4,0,0,1,0,1,1.5551999999999992,4.59511985013459
10.23995978915734,11,3,1,1,1,0,0,0,1,1,1.0798571428571457,5.389071729816501
10.085809109330082,11,4,0,2,10,0,0,1,0,1,1.8383750000000005,5.765191102784844
11.512925464970229,11,2,0,2,2,0,0,0,1,1,2.1724300000000007,8.009695357742922
10.819778284410283,11,1,0,1,1,0,0,0,1,1,1.05474,6.037870919922137
10.596634733096073,11,5,0,1,1,0,0,0,1,1,1.055675000000001,6.171700597410915
11.512925464970229,11,2,0,1,0,0,0,0,1,1,1.2445299999999995,7.313220387090301
10.126631103850338,11,1,0,1,7,0,0,1,0,1,1.0055599999999993,5.075173815233827
8.517193191416238,11,5,1,2,14,0,0,1,0,1,2.2388,5.293304824724492
9.798127036878302,11,2,1,3,6,0,0,1,0,1,3.0621666666666627,6.450470422144176
9.903487552536127,11,0,0,1,1,0,0,1,0,1,1.0045500000000012,5.176149732573829
9.903487552536127,10,4,0,1,0,0,0,0,1,1,1.0940500000000002,5.278114659230517
9.615805480084347,11,1,0,3,20,0,0,0,1,1,1.2696666666666663,5.488937726156687
11.512925464970229,10,1,1,1,12,0,0,1,0,1,1.02997,6.473890696352274
12.429216196844385,10,1,0,3,0,0,0,1,0,1,1.4753639999999977,7.9391588179567965
11.156250521031495,10,1,0,1,4,0,0,0,1,1,1.0276428571428562,4.31748811353631
9.903487552536127,11,2,0,1,1,0,0,0,1,1,1.010049999999999,5.293304824724492
10.46310334047155,10,1,0,1,16,0,0,0,1,1,1.042171428571429,6.045005314036012
9.210340371976184,11,2,1,1,21,0,0,0,1,1,1.538499999999998,5.19295685089021
12.206067645517674,10,0,0,1,1,0,0,1,0,1,1.0345501727508635,7.138073034044347
10.23995978915734,9,1,0,1,37,0,0,0,1,1,4.88600000000001,6.910750787961936
10.645424897265505,10,0,0,1,4,0,0,1,0,1,1.0182380952380945,5.337538079701318
9.392661928770137,10,0,1,1,8,0,0,1,0,0,0.6144166666666665,4.859812404361672
10.021270588192513,9,2,0,1,0,0,0,0,1,1,1.1230666666666629,5.641907070938114
10.46310334047155,10,4,0,1,0,0,0,0,1,0,0.2554285714285716,4.672828834461906
9.903487552536127,10,2,0,1,0,0,0,1,0,1,1.1968500000000006,5.170483995038151
11.512925464970229,9,0,0,1,7,0,0,1,0,1,1.4332599999999986,6.51025834052315
9.433483923290392,9,1,0,1,4,0,0,1,0,1,1.01808,5.337538079701318
9.903487552536127,9,1,0,3,30,0,0,1,0,1,3.0386499999999996,4.605170185988092
9.210340371976184,9,2,0,1,47,0,0,1,0,1,1.6130000000000022,5.5093883366279774
11.156250521031495,8,2,0,1,0,0,0,0,1,1,1.0864714285714276,6.324358962381311
10.819778284410283,9,1,0,1,0,0,0,0,1,1,1.689280000000001,5.14166355650266
12.429216196844385,9,2,0,2,2,0,0,0,1,1,3.1839159999999986,9.062999784077473
11.289781913656018,9,2,0,1,1,0,0,1,0,1,1.0205750000000002,5.54907608489522
8.517193191416238,9,0,0,2,6,0,0,1,0,1,1.0213999999999999,4.02535169073515
10.819778284410283,9,2,0,1,6,0,0,0,1,1,1.576080000000001,6.828712071641684
10.819778284410283,9,1,0,3,2,0,0,1,0,1,1.8105999999999953,6.93828448401696
10.308952660644293,9,3,0,2,0,0,0,0,1,1,1.0480333333333345,5.602118820879701
8.517193191416238,9,2,0,14,49,0,0,1,0,1,5.729999999999984,5.8971538676367405
10.308952660644293,9,1,1,3,32,0,0,1,0,1,1.784766666666666,6.663132695990803
10.126631103850338,9,2,1,5,180,0,0,1,0,1,1.1024800000000008,5.697093486505405
10.308952660644293,9,2,0,34,14,0,0,1,0,1,1.2130666666666658,5.087596335232384
11.289781913656018,8,0,0,2,0,0,0,1,0,1,1.2106625000000015,6.784457062637643
11.805576422042591,8,3,0,2,0,0,0,0,1,1,1.007459997388012,4.5217885770490405
9.615805480084347,9,3,0,3,0,0,0,1,0,1,1.0552000000000001,5.5909869805108565
10.596634733096073,9,1,0,9,35,0,0,0,1,1,2.973825000000001,8.398184404834035
9.615805480084347,9,3,0,1,0,0,0,1,0,1,1.4363999999999966,5.056245805348308
7.585281078639126,8,1,0,3,3,0,0,1,0,1,3.0883697308278317,4.5217885770490405
9.615805480084347,8,1,1,1,6,0,0,1,0,1,1.064199999999999,5.521460917862246
10.51867319162636,8,0,0,4,2,0,0,0,1,1,2.7118108108108188,7.4127640174265625
11.184421397998191,8,6,0,1,1,0,0,0,1,0,0.3234166666666669,5.605802066295998
10.915088464214609,8,1,0,1,5,0,0,0,1,0,0.7737636363636351,6.669498089857879
11.512925464970229,8,1,0,13,54,0,0,0,1,1,5.79583,8.052614818815567
10.308952660644293,8,4,0,1,1,0,0,1,0,0,0.5295999999999997,4.499809670330265
9.615805480084347,8,2,0,3,14,0,0,1,0,1,1.05,5.0238805208462765
10.126631103850338,8,1,1,2,46,0,0,1,0,1,1.1694399999999998,5.4638318050256105
10.46310334047155,8,1,1,1,14,0,0,1,0,1,1.1898000000000004,5.680172609017068
9.210340371976184,8,6,0,16,67,0,0,0,1,1,3.777499999999995,6.220590170099739
10.308952660644293,8,1,0,1,0,0,0,1,0,1,1.016633333333333,5.991464547107982
8.922658299524402,8,0,1,11,92,0,0,0,1,1,1.0133333333333336,4.812184355372417
10.126631103850338,8,0,0,1,17,0,0,1,0,1,2.0722799999999992,5.1298987149230735
8.987196820661973,8,6,0,2,1,0,0,1,0,1,1.7928750000000009,5.407171771460119
10.819778284410283,8,1,0,9,32,0,0,0,1,1,1.1872000000000003,7.4489161025442
10.819778284410283,8,2,0,1,0,0,0,0,1,1,3.2348799999999978,7.322510433997394
11.225243392518449,7,1,1,15,223,0,0,0,1,1,1.0235866666666658,6.238324625039508
11.833558637561696,7,1,0,2,0,0,0,0,1,1,2.3665384615384593,7.4413203897176174
10.596634733096073,7,1,0,1,0,0,0,1,0,1,1.0904750000000014,5.298317366548036
8.517193191416238,8,4,0,37,26,0,1,0,0,1,3.2375999999999987,5.54907608489522
10.373491181781864,8,2,0,2,1,0,0,1,0,0,0.46531249999999974,5.924255797414532
11.512925464970229,8,1,0,2,19,0,0,1,0,1,2.2153299999999994,6.0063531596017325
10.714417768752456,7,1,0,1,22,0,0,0,1,1,1.044266666666665,5.924255797414532
9.433483923290392,8,1,0,1,1,0,0,1,0,1,1.4242399999999995,5.10594547390058
11.225243392518449,8,1,1,2,3,0,0,1,0,1,1.4156799999999972,7.069023426578259
11.512925464970229,8,2,1,2,22,0,0,1,0,1,1.6165400000000012,7.224753405767971
12.429216196844385,7,3,0,1,0,0,0,1,0,1,2.027619999999996,8.355144739461839
9.903487552536127,7,4,1,2,1,0,0,0,1,1,1.1419500000000002,5.5254529391317835
9.740968623038354,8,2,0,1,2,0,0,1,0,1,1.0352352941176468,5.484796933490655
11.512925464970229,8,1,0,1,10,0,0,1,0,0,0.6068499999999983,5.501258210544727
10.596634733096073,7,1,0,1,6,0,0,1,0,1,1.1231250000000013,6.461468176353717
10.690125076183412,7,0,0,1,12,0,0,1,0,1,1.1171903460837889,6.3578422665081
7.313220387090301,7,0,0,1,3,0,0,1,0,1,4.542666666666663,5.6937321388027
9.210340371976184,8,2,0,1,1,0,0,0,1,1,3.084999999999996,5.883322388488279
8.85366542803745,7,0,0,1,0,0,0,1,0,1,2.1479999999999997,5.823045895483019
12.611537753638338,7,2,0,53,62,0,0,1,0,1,5.634886666666656,9.109525066737367
9.998797732340453,7,0,1,9,16,0,0,0,1,1,2.609954545454545,7.617759576608505
10.896739325546411,7,0,0,1,1,0,0,1,0,1,1.6620185185185175,6.680854678790215
10.596634733096073,8,1,0,1,3,0,0,1,0,1,1.263199999999999,7.338888133838879
9.210340371976184,7,0,0,2,19,0,0,1,0,1,1.1172000000000006,5.1298987149230735
10.491274217438248,7,5,0,3,1,0,0,1,0,0,0.20402777777777784,5.973809611869261
8.517193191416238,7,4,0,37,26,0,0,1,0,1,2.2299999999999955,5.10594547390058
9.903487552536127,7,4,0,2,5,0,0,1,0,0,0.42815000000000064,5.204006687076795
12.657654506155406,6,1,0,1,0,0,0,0,1,1,1.139123819467212,8.882946799288174
9.740968623038354,7,3,1,4,16,0,0,0,1,1,3.8354705882352893,7.542213463193403
9.615805480084347,7,2,0,3,1,0,0,1,0,1,1.3395999999999992,3.8066624897703196
10.126631103850338,7,1,0,1,3,0,0,1,0,1,1.1930400000000005,6.46302945692067
10.126631103850338,7,2,1,3,91,0,0,1,0,1,2.2161200000000014,7.2196420401307355
9.210340371976184,7,1,1,1,0,0,0,1,0,1,1.0732000000000008,4.418840607796598
9.210340371976184,7,6,0,2,4,0,0,1,0,1,3.6329000000000002,6.100318952020064
