goal_amount,pledge_types,start_month,start_day,Person,num_projects,num_backed,duration_<1 week,duration_1-2 weeks,duration_2 weeks - 1 month,duration_1-2 months,fb_likes,fb_comments,fb_shares,fb_positive_reactions,fb_negative_reactions,success,collection_ratio,num_backers
10.819778284410283,4,6,1,0,7,16,0,0,1,0,10,2,1,2,0,1,8.506720000000001,918.9999999999999
9.903487552536127,8,6,1,1,3,88,0,0,0,1,4,1,0,0,1,1,7.1201500000000095,1048.0
10.308952660644293,13,6,1,1,1,2,0,0,1,0,3,1,0,0,1,1,1.0675000000000006,203.99999999999994
8.804775258867686,16,6,1,0,4,23,0,0,0,1,3,5,1,1,1,1,2.091059105910589,258.9999999999999
9.210340371976184,27,6,4,1,5,21,0,0,1,0,9,3,1,1,1,1,8.465199999999989,1154.9999999999998
10.23995978915734,12,6,0,0,1,6,0,0,1,0,6,1,0,0,1,1,1.45414285714286,277.99999999999994
11.289781913656018,12,6,2,0,1,2,0,0,1,0,5,8,0,3,1,1,5.805475000000004,3630.0000000000027
8.517193191416238,5,6,2,0,7,0,0,0,1,0,5,1,0,0,0,1,1.6387999999999974,78.0
8.517193191416238,8,6,2,0,1,10,0,0,1,0,7,2,0,1,0,1,1.1335999999999986,131.99999999999997
9.35010231435134,9,5,4,0,1,0,0,0,0,1,3,3,0,6,0,0,0.01086956521739133,6.999999999999999
8.937218450855731,10,6,2,1,2,2,0,0,1,0,4,3,0,4,0,1,1.1459921156373207,159.99999999999994
7.824046010856292,7,4,6,0,2,12,0,0,0,1,4,1,2,0,0,1,2.2655999999999987,110.99999999999997
12.100712129872347,10,6,2,1,2,0,0,0,1,0,15,8,2,1,0,0,0.3522222222222224,579.0000000000002
8.922658299524402,7,4,0,0,1,1,0,0,0,1,5,3,0,0,0,0,0.500133333333333,72.99999999999999
10.021270588192513,12,4,0,1,2,11,0,0,0,1,10,4,0,1,0,1,1.002666666666667,167.99999999999997
9.615805480084347,47,5,0,0,3,0,0,0,0,1,4,1,0,3,0,1,7.013666666666666,1263.0
10.16585181700362,14,5,4,1,1,0,0,0,0,1,7,6,2,6,0,1,1.0395769230769227,206.00000000000003
13.122363377404328,18,4,6,0,1,40,0,0,0,1,7,3,2,2,0,1,2.0760199999999998,4253.000000000002
12.524526376648708,13,5,1,0,2,2,0,0,0,1,6,1,0,0,0,1,1.0910763636363612,1560.0000000000005
12.611537753638338,21,4,4,0,5,28,0,0,1,0,5,2,0,0,0,1,1.4681300000000044,4127.000000000001
9.822819649468672,13,5,1,0,12,22,0,0,1,0,10,9,0,0,0,1,1.0901333333333356,171.99999999999994
8.732304571033183,34,5,0,0,1,9,0,0,1,0,8,2,1,1,0,1,3.4488709677419385,685.9999999999998
10.819778284410283,24,5,4,0,3,10,0,0,1,0,9,0,1,0,0,1,1.58278,471.99999999999983
10.308952660644293,6,4,1,1,1,0,0,0,0,1,9,2,3,0,0,0,0.13300000000000003,30.000000000000004
9.615805480084347,32,4,0,0,1,19,0,0,0,1,4,0,0,0,0,1,1.883266666666665,85.00000000000001
12.206072645530174,3,4,0,0,4,113,0,0,1,0,11,3,0,2,0,1,1.5100149999999963,1775.0000000000005
9.903487552536127,5,4,0,0,1,3,0,0,1,0,5,0,0,0,0,1,1.0613500000000002,245.99999999999991
10.126631103850338,6,3,1,0,6,3,0,0,1,0,8,2,1,0,0,1,6.709999999999993,1079.0
10.571316925111784,7,4,1,0,1,10,0,0,1,0,4,5,3,3,0,1,2.6653333333333347,1008.0000000000002
11.225243392518449,7,3,1,0,16,29,0,0,1,0,8,0,0,0,0,1,1.2822666666666669,743.9999999999998
9.903487552536127,14,3,0,0,1,0,0,0,1,0,5,5,1,0,0,1,1.300499999999999,127.99999999999997
8.612503371220562,8,3,1,0,1,0,0,0,0,1,5,6,0,0,0,0,0.2912727272727272,37.99999999999999
9.903487552536127,16,3,0,0,1,11,0,0,0,1,14,7,0,1,0,1,2.1472000000000016,829.9999999999998
9.903487552536127,7,2,4,0,1,3,0,0,0,1,1,4,0,1,0,1,1.0086000000000008,125.00000000000004
8.517193191416238,8,3,0,0,1,0,0,0,1,0,7,6,0,0,0,1,1.0481999999999991,59.999999999999986
8.517193191416238,5,3,2,0,6,17,0,0,1,0,7,2,0,0,0,1,9.581999999999999,228.00000000000006
9.210340371976184,9,2,4,1,1,7,0,0,0,1,13,4,3,2,0,1,1.0693999999999986,138.99999999999997
10.126631103850338,19,2,1,0,1,26,0,0,1,0,12,4,6,8,0,1,3.525880000000004,774.0000000000002
10.925938480238674,11,3,5,1,1,0,0,0,0,1,16,11,1,6,0,0,0.2517446043165467,101.99999999999996
8.517193191416238,18,2,0,1,13,46,0,0,0,1,9,4,2,3,0,1,6.0729999999999995,255.99999999999994
9.047821442478408,5,2,2,0,1,2,0,0,0,1,9,4,1,1,0,1,1.0712941176470583,34.00000000000001
8.922658299524402,7,3,1,0,24,205,0,0,1,0,9,4,0,0,0,1,8.329466666666663,1254.9999999999995
9.210340371976184,5,2,1,0,5,26,0,0,1,0,16,6,0,0,0,1,7.64609999999999,239.99999999999997
9.615805480084347,8,2,2,0,1,0,0,0,1,0,10,6,0,0,0,1,1.2681999999999973,164.99999999999994
10.79343430907068,8,2,0,0,1,0,0,0,1,0,15,2,0,5,0,1,2.158829568788506,636.0000000000001
11.002099841204238,10,2,1,0,1,0,0,0,1,0,8,3,1,1,0,0,0.22823333333333337,57.999999999999986
12.429216196844385,29,3,1,0,9,69,0,0,0,1,16,8,1,6,0,1,2.3722359999999965,9139.000000000005
9.159047077588632,19,2,1,1,4,13,0,0,1,0,7,4,0,0,0,1,1.0054736842105283,92.00000000000001
8.699514748210191,11,2,1,1,1,19,0,0,1,0,14,2,0,6,0,1,1.1116666666666672,181.00000000000006
12.206072645530174,8,2,1,0,1,4,0,0,0,1,19,9,3,2,0,1,1.12271,289.99999999999994
12.649164247981888,15,2,2,0,2,2,0,0,1,0,24,4,2,2,0,1,3.9793645647072404,21440.000000000007
10.308952660644293,8,1,0,1,2,9,0,0,0,1,6,4,0,0,0,0,0.7378333333333315,119.99999999999997
6.684611727667927,11,1,1,0,1,44,0,0,1,0,4,1,0,1,0,1,3.2512499999999998,62.99999999999999
7.467371066917559,8,1,0,0,1,1,0,0,0,1,10,4,1,2,0,1,1.1205714285714299,49.99999999999999
8.006367567650246,3,1,0,1,3,0,0,0,1,0,10,1,0,3,0,1,1.3703333333333347,125.00000000000004
6.684611727667927,1,1,3,1,2,36,0,0,1,0,13,7,0,3,0,1,6.203749999999997,42.00000000000001
6.880384082186005,5,1,4,1,1,0,0,0,0,1,9,2,0,1,0,1,2.1829393627954787,57.999999999999986
10.46310334047155,8,1,2,0,2,1,0,0,1,0,5,3,1,0,0,0,0.6352857142857138,175.00000000000009
9.615805480084347,15,1,2,0,2,10,0,0,0,1,11,2,0,0,0,1,1.1167999999999993,139.99999999999994
10.308952660644293,8,1,6,0,1,0,0,0,1,0,38,5,2,2,0,1,1.0533333333333328,136.00000000000006
6.907755278982137,6,1,5,1,15,141,0,0,0,1,13,2,0,0,0,1,4.076999999999997,66.99999999999997
8.294049640102028,11,1,1,1,1,6,0,0,1,0,9,3,0,3,0,1,1.548000000000001,105.99999999999997
6.214608098422191,21,1,1,1,1,56,0,0,1,0,12,1,0,1,0,1,8.972000000000001,114.00000000000003
7.313220387090301,4,1,5,1,1,82,0,0,1,0,18,1,0,0,0,1,4.044000000000002,203.99999999999994
7.5480289699350145,5,1,6,1,66,374,0,1,0,0,20,2,1,1,0,1,7.9367422245651005,79.0
6.907755278982137,5,1,2,1,1,21,0,0,1,0,11,2,6,1,0,1,2.1410000000000005,90.0
9.392661928770137,11,12,3,0,1,0,0,0,0,1,11,1,1,0,0,1,1.1325000000000016,156.99999999999994
9.392661928770137,12,11,1,1,1,0,0,0,0,1,11,0,0,0,0,1,1.3019166666666697,155.00000000000003
10.404262840448617,34,11,0,0,2,0,0,0,0,1,20,7,0,1,1,0,0.24566666666666703,183.00000000000009
10.819778284410283,15,11,0,0,1,1,0,0,0,1,14,1,0,0,1,1,1.047759999999998,206.00000000000003
10.21464198117305,11,11,1,1,1,2,0,0,0,1,15,0,0,1,0,1,1.431322857142858,180.0
9.903487552536127,11,11,2,0,1,0,0,0,1,0,12,3,1,1,0,1,1.0657500000000004,239.99999999999997
11.225243392518449,12,11,0,1,1,5,0,0,0,1,12,5,1,0,0,1,1.0861199999999995,1098.0
10.819778284410283,14,10,0,0,4,0,0,0,1,0,17,0,0,2,0,1,1.0378999999999976,195.99999999999991
9.615805480084347,10,11,1,1,1,18,0,0,0,1,7,0,0,0,0,1,1.2686666666666673,142.99999999999994
10.126631103850338,79,10,2,1,1,3,0,0,0,1,10,0,2,0,1,1,1.1469200000000013,444.0
9.615805480084347,10,10,1,0,1,0,0,0,1,0,13,1,1,2,1,1,1.1136666666666664,181.99999999999997
11.002099841204238,9,10,1,0,2,28,0,0,0,1,14,8,0,4,1,1,1.6474166666666619,329.99999999999994
11.156250521031495,17,11,2,0,7,27,0,0,1,0,10,2,0,2,0,1,1.3296142857142872,691.9999999999998
11.970350312009105,6,11,1,0,1,5,0,0,1,0,31,3,0,9,0,0,0.788506329113925,244.00000000000006
10.819778284410283,9,10,1,0,7,44,0,0,1,0,11,2,1,2,2,1,3.4508000000000005,2660.0000000000005
8.987196820661973,12,8,0,0,35,4,0,0,1,0,17,11,2,0,0,1,1.9301249999999999,328.0000000000001
10.308952660644293,9,8,0,0,1,1,0,0,0,1,10,7,2,0,1,1,1.13463333333333,514.0000000000002
11.002099841204238,16,9,2,0,1,5,0,0,0,1,32,5,2,0,0,1,1.2536000000000005,522.0000000000002
11.002099841204238,10,8,1,0,6,2,0,0,0,1,17,4,1,1,2,1,1.6438666666666653,1647.0000000000002
13.527828485512494,14,7,1,0,1,0,0,0,0,1,15,10,1,1,0,1,1.7387559999999993,8174.999999999995
9.903487552536127,6,8,6,0,13,16,0,1,0,0,19,10,1,1,0,1,4.7742,1406.0000000000002
9.836278802842678,28,7,2,0,9,16,0,0,1,0,17,9,0,1,1,1,2.5797860962566848,1067.0000000000002
9.615805480084347,14,7,0,0,1,0,0,0,1,0,22,15,0,0,2,1,1.2987333333333335,161.00000000000003
9.210340371976184,10,7,1,0,1,1,0,0,1,0,18,9,0,1,1,1,3.2344999999999886,453.0000000000001
10.819778284410283,7,7,0,1,3,3,0,0,1,0,26,13,3,2,1,1,4.4563599999999886,453.0000000000001
10.126631103850338,13,6,1,0,1,6,0,0,1,0,25,13,4,6,1,1,1.119999999999998,167.99999999999997
9.903487552536127,15,6,0,0,35,4,0,0,0,1,10,21,1,0,1,1,1.8511000000000017,521.0
9.433483923290392,12,7,2,0,4,6,0,0,1,0,20,10,0,5,2,1,4.558800000000003,412.0000000000001
11.918390573078392,14,6,1,0,4,2,0,0,0,1,14,8,1,2,1,1,1.3463133333333344,2387.000000000001
11.512925464970229,4,6,1,0,4,31,0,0,0,1,52,11,11,11,0,1,9.016530000000005,2569.999999999999
11.918390573078392,19,7,0,0,3,0,0,0,0,1,23,3,4,2,0,1,1.5299866666666697,1714.0000000000005
12.206072645530174,13,6,1,0,6,19,0,0,1,0,20,4,10,3,0,1,1.1728950000000005,569.0
9.903487552536127,10,6,1,1,1,6,0,0,1,0,22,4,1,3,0,1,2.208350000000002,454.99999999999994
11.429804691575846,6,6,3,0,1,2,0,0,0,1,13,14,0,4,4,1,1.0263409545335995,451.0000000000001
9.210340371976184,9,6,4,0,2,1,0,0,1,0,22,3,1,4,0,1,1.175199999999997,118.00000000000004
9.472704636443671,8,5,1,1,1,14,0,0,0,1,14,4,2,3,0,1,1.7840769230769253,288.00000000000006
9.615805480084347,12,6,1,0,1,0,0,0,1,0,21,6,1,3,1,1,1.0578666666666652,135.00000000000003
9.615805480084347,10,5,0,1,2,37,0,0,1,0,13,5,0,3,0,1,1.1815333333333342,181.00000000000006
8.895629627136483,8,5,2,0,2,32,0,0,1,0,29,8,0,5,0,1,1.4815068493150692,306.9999999999999
12.493879710170106,11,5,3,1,1,3,0,0,0,1,23,4,4,1,0,1,1.0596550431196103,1352.9999999999995
11.289781913656018,10,6,1,0,7,10,0,0,1,0,15,5,2,0,0,1,9.914437500000012,11370.999999999996
10.819778284410283,11,5,2,1,2,100,0,0,0,1,19,5,4,2,0,1,7.212119999999992,5159.000000000005
11.002099841204238,9,4,3,1,1,0,0,0,1,0,19,14,1,1,0,1,1.009933333333333,402.0
10.714417768752456,14,4,5,1,1,0,0,0,0,1,8,14,1,0,0,1,1.3755777777777782,171.99999999999994
10.545341438708522,8,3,1,0,1,1,0,0,1,0,4,3,0,2,0,1,1.1039210526315784,322.00000000000006
14.50865773852422,33,4,3,0,2,3,0,0,1,0,19,3,8,2,0,1,3.2595094999999965,36581.99999999999
11.225243392518449,7,3,3,1,1,30,0,0,0,1,18,7,5,4,0,1,8.045599999999995,2349.0
9.903487552536127,18,3,0,0,4,6,0,0,1,0,25,24,5,5,1,1,6.992700000000006,1471.0000000000007
10.968198289528557,20,3,0,0,2,321,0,0,1,0,43,19,9,7,3,1,9.116982758620683,4652.999999999999
10.126631103850338,8,1,4,0,1,0,0,0,1,0,38,17,7,6,3,1,1.7759999999999991,758.0
10.308952660644293,9,1,1,1,1,2,0,0,1,0,32,14,8,3,3,1,1.027833333333331,94.0
8.987196820661973,10,1,0,0,35,4,0,0,1,0,15,14,1,0,4,1,2.1170000000000013,435.99999999999994
10.819778284410283,16,11,2,1,1,1,0,0,0,1,32,11,7,2,1,1,1.0370599999999996,491.9999999999999
10.819778284410283,9,10,1,0,1,16,0,0,1,0,107,54,31,22,5,0,0.5318600000000001,226.00000000000009
10.46310334047155,29,10,1,0,2,0,0,0,0,1,17,12,2,0,2,1,1.435257142857145,730.0
8.987196820661973,11,8,0,1,1,2,0,0,0,1,14,3,1,0,0,1,1.0757499999999995,254.0
10.819778284410283,9,8,0,0,1,0,0,0,1,0,12,4,2,2,0,0,0.6362999999999994,380.00000000000006
10.126631103850338,20,7,3,0,1,1,0,0,1,0,13,7,3,3,0,1,1.0001600000000008,378.0000000000001
10.308952660644293,13,8,1,0,16,29,0,0,1,0,19,1,2,1,0,1,1.4395666666666656,1110.0
9.903487552536127,11,7,3,0,1,0,0,0,1,0,30,6,8,8,1,1,1.8378500000000006,135.00000000000003
10.126631103850338,9,8,2,0,3,0,0,0,1,0,27,9,5,5,0,1,2.7893200000000022,601.0
12.206072645530174,13,6,0,0,1,0,0,0,0,1,6,2,2,1,0,0,0.18499499999999947,374.0000000000001
12.206072645530174,8,7,1,1,1,25,0,0,1,0,50,7,6,7,0,1,1.3005649999999997,2905.999999999999
11.728036844587177,9,7,0,1,4,53,0,0,0,1,15,2,3,1,2,1,2.3543629032257996,1012.0000000000003
10.203592144986466,27,5,5,0,1,5,0,0,0,1,17,12,15,0,0,1,1.0200370370370364,111.99999999999996
10.819778284410283,3,5,1,0,2,0,0,0,0,1,94,40,33,4,0,1,8.715979999999998,666.0000000000001
11.156250521031495,11,4,4,0,6,19,0,0,0,1,71,27,39,18,0,1,3.2285714285714375,1815.9999999999993
11.225243392518449,32,4,3,1,1,1,0,0,1,0,18,9,26,0,0,1,1.0513599999999979,909.0
10.308952660644293,34,2,1,1,1,4,0,0,1,0,36,3,4,6,0,1,1.3510999999999997,394.00000000000006
10.308952660644293,8,1,4,0,1,0,0,0,1,0,20,8,2,0,0,0,0.08756666666666668,61.00000000000001
9.903487552536127,11,1,2,0,1,1,0,0,1,0,14,0,1,0,0,1,1.0272500000000007,149.99999999999997
10.126631103850338,9,1,0,0,1,3,0,0,1,0,34,3,15,4,0,1,1.2949199999999998,496.00000000000017
11.477072355070556,7,12,3,0,1,12,0,0,0,1,15,7,1,0,0,1,1.1411555563847595,161.99999999999994
9.392661928770137,6,12,1,1,4,3,0,0,1,0,60,12,15,8,0,1,1.2174166666666706,783.9999999999998
12.611537753638338,13,12,4,0,7,27,0,0,1,0,29,2,8,2,0,1,1.2419733333333347,1555.9999999999995
10.203555107263542,13,11,4,0,1,4,0,0,0,1,18,7,0,1,0,0,0.5023889773695317,76.0
9.210340371976184,19,11,1,0,1,0,0,0,0,1,22,1,4,0,0,1,1.0025999999999982,169.0
11.082142548877776,18,10,1,0,3,0,0,0,0,1,39,7,12,5,0,1,1.1880615384615354,509.9999999999999
10.126631103850338,11,10,2,1,1,0,0,0,0,1,18,8,2,1,0,1,1.0298400000000008,179.0
10.308952660644293,14,10,0,0,1,16,0,0,1,0,40,9,3,1,0,1,1.7257333333333318,1833.9999999999998
10.819778284410283,19,10,2,1,1,7,0,0,0,1,66,18,15,6,0,1,4.36364,721.0000000000002
12.206072645530174,3,9,1,0,3,30,0,0,1,0,36,7,8,0,0,0,0.2007849999999999,43.99999999999999
13.017002861746503,12,9,1,0,1,2,0,0,0,1,179,152,54,30,0,1,3.9273355555555436,3346.000000000002
10.819778284410283,7,9,1,0,1,1,0,0,0,1,36,6,11,1,0,1,8.41670000000001,3659.9999999999995
11.512925464970229,3,9,1,1,4,53,0,0,0,1,28,11,6,3,0,1,5.578119999999995,3513.0000000000005
10.819778284410283,6,9,1,0,1,0,0,0,0,1,47,11,11,5,0,1,3.292980000000005,1179.9999999999995
9.210340371976184,6,9,0,0,1,1,0,0,1,0,17,16,4,5,3,0,0.5671999999999991,122.00000000000003
10.126631103850338,16,9,1,1,1,2,0,0,1,0,23,8,2,2,1,1,2.720640000000002,149.99999999999997
9.615805480084347,9,9,0,0,1,0,0,0,1,0,14,5,1,0,1,1,1.2215999999999982,217.99999999999997
11.407564949312402,14,8,1,0,10,6,0,0,1,0,20,21,6,2,30,1,2.0761333333333316,1069.0
8.517193191416238,20,8,3,0,6,32,0,0,1,0,45,4,9,5,6,1,5.182599999999993,184.99999999999991
9.734358589528156,11,8,3,0,2,0,0,0,1,0,19,3,1,5,3,1,1.680720037896732,239.00000000000009
7.426549072397305,8,8,6,1,1,1,0,0,1,0,18,5,3,3,1,1,1.019047619047619,33.0
11.512925464970229,10,8,6,0,7,14,0,0,1,0,49,5,7,4,0,1,1.5403100000000007,1451.9999999999998
9.615805480084347,11,8,3,0,1,0,0,0,1,0,12,0,1,0,0,1,2.0787333333333304,191.0
11.512925464970229,2,7,1,0,1,0,0,0,0,1,71,22,32,11,1,1,1.0561099999999999,164.00000000000006
11.512925464970229,23,7,0,0,1,0,0,0,0,1,11,4,2,0,0,1,1.0108800000000007,903.0
12.206072645530174,2,7,2,0,53,62,0,0,1,0,11,7,1,1,1,1,7.463570000000002,11809.000000000002
9.903487552536127,9,7,1,1,1,47,0,0,1,0,4,2,1,1,0,1,3.501300000000001,1112.0
8.922658299524402,7,7,1,0,1,1,0,0,1,0,3,0,0,1,1,1,1.035333333333333,74.00000000000003
10.46310334047155,14,7,1,0,3,0,0,0,1,0,15,1,4,0,0,1,6.245828571428577,1176.0
11.512925464970229,20,7,1,0,13,54,0,0,0,1,11,1,0,1,0,1,1.6515100000000036,1842.0000000000002
11.461632170582678,14,7,0,1,1,4,0,0,0,1,7,1,0,0,0,0,0.07857894736842101,128.99999999999997
8.006367567650246,7,7,3,0,1,0,0,0,1,0,13,2,1,0,0,1,1.049666666666667,59.999999999999986
10.126631103850338,17,7,0,0,34,14,0,0,1,0,10,3,0,0,0,1,3.6197599999999976,336.99999999999994
9.615805480084347,15,6,3,0,1,0,0,0,0,1,9,3,2,2,0,0,0.7198666666666659,166.00000000000006
8.85366542803745,10,7,1,1,1,13,0,0,1,0,36,14,3,2,2,1,1.6855714285714314,110.00000000000004
10.126631103850338,15,6,1,0,1,0,0,0,0,1,8,2,4,0,0,1,1.0039199999999981,201.0
10.126631103850338,21,6,6,0,3,8,0,0,0,1,7,1,0,0,0,1,1.072799999999999,399.0000000000001
11.512925464970229,7,7,1,0,7,16,0,0,0,1,19,0,4,3,0,1,6.134789999999998,2995.0
9.392661928770137,13,7,0,0,9,130,0,0,0,1,12,6,5,2,1,1,4.399999999999997,713.0
8.699514748210191,8,6,1,0,2,8,0,0,1,0,33,4,9,13,0,1,1.0006666666666684,54.00000000000001
9.51044496442652,16,6,1,0,24,98,0,0,0,1,18,2,10,0,0,1,1.0143703703703713,186.00000000000009
11.582432870728384,13,6,0,0,3,0,0,0,1,0,13,3,3,0,0,1,1.126989999813426,161.00000000000003
10.757902880692196,11,6,6,0,1,7,0,0,1,0,19,8,1,7,2,1,1.0246808510638288,217.00000000000003
9.862665558015872,14,6,0,1,4,16,0,0,1,0,4,2,2,1,0,0,0.7055729166666669,422.99999999999983
9.615805480084347,21,6,0,0,5,9,0,0,1,0,24,3,7,0,0,1,2.577799999999994,1545.9999999999993
11.225243392518449,14,6,2,0,3,12,0,0,0,1,11,10,1,0,0,1,8.57997333333332,3899.9999999999977
10.126631103850338,8,4,1,0,1,6,0,0,0,1,11,10,16,4,0,1,1.0751200000000007,355.00000000000006
11.06663836234181,12,5,4,0,1,0,0,0,0,1,22,2,0,3,0,1,1.0967812499999985,804.0000000000001
10.819778284410283,9,6,0,0,3,3,0,0,0,1,8,1,8,0,0,1,1.1501000000000028,451.0000000000001
10.46310334047155,35,5,0,1,8,2,0,0,0,1,16,1,2,3,0,1,2.4624571428571427,933.0000000000001
9.903487552536127,17,5,4,0,18,52,0,0,1,0,11,2,2,0,0,1,1.266849999999998,682.0000000000001
9.210340371976184,7,6,0,0,1,34,0,0,1,0,23,2,2,2,0,1,7.075999999999989,467.00000000000006
9.903487552536127,20,5,2,0,2,4,0,0,1,0,5,0,0,0,0,1,1.0855000000000012,174.0
9.615805480084347,8,5,3,1,1,3,0,0,0,1,16,8,3,3,0,1,1.6240666666666652,288.00000000000006
9.392661928770137,9,5,1,0,1,7,0,0,1,0,11,4,0,0,1,1,1.0553333333333343,356.9999999999999
9.104979856318357,9,5,0,1,2,7,0,0,1,0,34,58,3,19,15,1,1.2167777777777786,126.99999999999999
9.615805480084347,8,6,4,0,6,32,1,0,0,0,7,0,1,0,0,1,1.0028666666666664,111.99999999999996
10.864751650053014,44,5,2,0,1,0,0,0,0,1,21,3,24,6,0,1,1.341051625239006,328.0000000000001
11.472103470449971,21,5,1,0,4,0,0,0,0,1,45,8,5,5,0,1,1.4175416666666703,1379.9999999999995
9.615805480084347,11,5,2,0,10,109,0,0,1,0,13,1,0,0,0,1,2.965200000000001,701.0
9.392661928770137,19,5,2,1,2,5,0,0,1,0,12,1,3,0,0,1,1.0574166666666671,269.0
10.714417768752456,8,5,1,0,1,1,0,0,0,1,16,0,0,4,0,1,2.7321111111111103,2622.0000000000005
9.903487552536127,9,5,2,1,1,10,0,0,1,0,7,1,1,0,1,1,1.0364500000000005,272.0000000000001
10.596634733096073,9,5,3,1,1,1,0,0,1,0,29,3,2,1,0,1,1.102575000000001,214.99999999999991
11.531139576340832,14,4,4,0,2,0,0,0,1,0,14,0,8,3,0,1,1.3863842118028513,108.99999999999997
9.210340371976184,26,5,2,0,3,0,0,0,1,0,15,3,1,1,1,1,1.8876999999999944,322.99999999999994
11.225243392518449,20,5,3,0,1,0,0,0,0,1,6,1,6,0,0,1,1.044213333333332,404.00000000000017
11.156250521031495,17,5,1,0,1,1,0,0,0,1,25,3,3,1,0,0,0.08724285714285722,40.0
9.210340371976184,8,4,4,0,2,0,0,0,1,0,18,1,0,0,0,1,5.505099999999996,1273.0000000000005
12.072541252905651,20,4,0,0,2,1,0,0,1,0,4,2,1,0,0,1,1.013325714285715,1454.0
8.582044163735853,9,4,3,0,1,2,0,0,1,0,5,1,0,0,0,1,1.0084348641049683,87.0
10.819778284410283,23,4,0,0,1,16,0,0,1,0,4,0,0,0,0,1,1.22156,250.9999999999999
9.903487552536127,12,4,1,0,3,5,0,0,0,1,8,0,0,1,0,1,1.2107500000000002,159.0
9.210340371976184,11,4,6,1,4,41,0,0,0,1,9,0,3,1,0,1,1.4312999999999965,644.0000000000002
8.85366542803745,10,4,1,0,10,105,0,0,0,1,18,1,1,2,0,1,1.8870000000000002,315.0
9.903487552536127,7,4,1,0,1,0,0,0,1,0,19,5,2,3,0,1,2.5523500000000063,1227.9999999999998
8.517193191416238,15,4,1,0,7,10,0,0,1,0,10,5,2,0,0,1,1.6031999999999975,244.00000000000006
10.308952660644293,13,4,2,1,1,8,0,0,1,0,10,2,1,0,0,1,1.1183333333333327,331.0
10.819778284410283,18,4,2,0,1,8,0,0,1,0,13,1,10,0,0,1,1.0441599999999975,514.0000000000002
9.210340371976184,10,4,3,1,1,8,0,0,1,0,27,7,6,3,0,1,7.178599999999989,1585.9999999999995
11.002099841204238,19,4,0,0,7,27,0,0,1,0,13,0,0,2,0,1,1.1091333333333306,683.9999999999998
9.392661928770137,10,4,1,0,1,0,0,0,0,1,15,1,7,3,0,0,0.6581666666666676,66.99999999999997
10.596634733096073,33,3,4,0,2,20,0,0,1,0,18,10,13,0,0,1,1.289750000000001,432.00000000000017
8.34283980427146,2,4,0,0,3,159,0,0,1,0,12,1,2,1,0,1,9.676666666666664,1430.9999999999995
10.819778284410283,13,4,1,0,34,14,0,0,0,1,6,0,2,0,0,1,1.0252599999999998,211.00000000000003
10.46310334047155,11,4,1,0,1,1,0,0,0,1,7,1,2,0,0,1,1.2371714285714295,453.0000000000001
9.210340371976184,8,3,2,0,1,0,0,0,1,0,40,3,12,8,0,1,1.6571999999999985,158.00000000000003
8.699514748210191,6,3,2,0,1,12,0,0,1,0,4,1,0,0,0,1,1.1885000000000006,57.00000000000001
8.517193191416238,11,4,0,0,1,1,0,0,1,0,12,0,8,6,0,1,1.3367999999999989,83.00000000000003
10.596634733096073,11,3,4,1,1,0,0,0,1,0,8,0,4,0,0,1,1.2900000000000005,524.9999999999999
14.066269276311456,8,3,1,0,2,1,0,0,0,1,24,5,17,9,0,1,1.11530038910506,18421.00000000001
12.072541252905651,19,4,0,0,1,0,0,0,1,0,3,4,0,0,0,0,0.866211428571428,1637.0
8.987196820661973,16,3,1,1,1,45,0,0,0,1,6,5,6,1,0,1,1.1482500000000007,167.99999999999997
9.35010231435134,10,3,1,0,8,26,0,0,1,0,7,1,1,1,0,1,1.668173913043482,220.99999999999991
7.88758403166028,8,3,0,0,1,1,0,0,1,0,4,1,0,5,0,0,0.12424924924924921,9.000000000000002
11.225243392518449,7,1,2,0,2,2,0,0,0,1,14,7,13,4,0,1,3.5947199999999944,1688.0000000000007
11.225243392518449,24,7,0,0,4,137,0,0,1,0,17,0,2,1,0,1,3.7874399999999877,4981.999999999998
8.294049640102028,7,3,2,1,1,1,0,0,1,0,6,2,0,2,0,1,1.030750000000001,100.00000000000004
11.512925464970229,28,2,2,0,13,54,0,0,1,0,29,5,10,3,1,1,4.45325,1154.9999999999998
10.596609732783568,7,3,0,1,3,79,0,0,1,0,104,145,15,41,7,1,1.1779044476111895,1421.0
9.615805480084347,8,3,3,0,1,0,0,0,1,0,13,3,11,0,2,1,1.634866666666668,169.0
10.308952660644293,34,2,1,1,1,7,0,0,0,1,49,11,13,8,1,1,2.041966666666667,517.0
10.126631103850338,10,3,2,0,1,0,0,0,1,0,12,1,1,0,2,0,0.34288000000000046,53.00000000000001
10.915088464214609,6,2,1,0,1,3,0,0,0,1,4,0,0,0,0,1,1.0646363636363625,426.00000000000017
8.699514748210191,11,2,1,1,2,12,0,0,1,0,12,0,1,5,0,1,2.8391666666666744,282.00000000000006
8.867850063029406,10,2,4,1,1,87,0,0,0,1,18,1,1,1,0,1,1.0516901408450714,203.99999999999994
9.615805480084347,9,2,1,1,1,1,0,0,0,1,5,3,0,0,0,1,1.1653333333333322,93.00000000000003
8.517193191416238,4,2,3,0,1,1,0,0,1,0,17,2,1,0,0,0,0.3177999999999999,43.99999999999999
9.903487552536127,11,2,1,0,1,0,0,0,0,1,31,4,6,3,0,1,8.00560000000001,1707.0000000000005
11.362102575235644,14,2,0,0,5,45,0,0,0,1,8,0,1,1,0,0,0.8649534883720937,515.0000000000001
11.156250521031495,13,2,1,0,10,6,0,0,1,0,35,6,4,3,0,1,3.4510571428571484,1034.0
11.918390573078392,20,2,1,0,1,1,0,0,1,0,13,4,2,0,0,1,6.708346666666684,3453.9999999999995
7.824046010856292,17,2,2,0,4,153,0,0,1,0,11,1,3,0,0,1,1.5128000000000006,156.0
9.615805480084347,10,1,1,1,6,8,0,0,1,0,12,3,1,1,0,1,1.0313999999999992,331.0
9.825526011066415,13,1,2,1,3,41,0,0,1,0,16,1,3,1,0,1,1.841351351351352,1064.0000000000002
8.794824928014517,8,1,1,0,2,15,0,0,1,0,6,1,0,1,0,1,2.52045454545454,393.0
8.006367567650246,5,1,2,0,6,1,0,0,1,0,18,4,2,0,0,1,3.8283333333333385,151.0
10.126631103850338,13,1,1,1,15,223,0,0,0,1,11,1,1,0,0,1,1.1504000000000008,368.99999999999994
8.294049640102028,8,1,1,1,2,20,0,1,0,0,9,0,5,1,0,1,1.5012500000000004,85.99999999999997
8.779557455883728,7,1,0,1,1,0,0,0,0,1,6,0,4,0,0,1,1.546461538461538,114.00000000000003
9.798127036878302,12,1,1,1,1,11,0,0,1,0,31,27,4,4,7,1,4.1102777777777835,1309.9999999999998
9.798127036878302,16,1,1,1,3,27,0,0,1,0,12,2,3,3,0,1,1.0467222222222214,221.99999999999997
9.615805480084347,9,1,2,0,3,15,0,0,0,1,9,0,0,0,0,1,1.1170000000000004,169.0
9.210340371976184,5,1,3,0,7,188,0,0,1,0,37,10,5,2,0,1,3.8581999999999943,1084.0000000000002
8.006367567650246,8,1,3,0,1,12,0,0,1,0,25,8,1,1,4,1,1.5163333333333333,129.99999999999997
8.517193191416238,15,12,2,1,2,3,0,0,0,1,47,2,7,7,0,1,9.1188,569.0
10.819778284410283,9,1,1,0,5,26,0,0,0,1,26,3,3,3,0,1,3.001820000000007,889.0000000000001
9.903487552536127,9,1,2,1,1,1,0,0,1,0,12,2,2,2,0,1,7.514350000000004,4322.000000000003
10.196138509608492,12,12,5,1,1,0,0,0,0,1,12,1,1,2,0,1,1.0185600104479562,36.0
9.210340371976184,11,1,3,0,1,2,0,0,1,0,16,3,6,0,0,1,1.0499999999999983,219.00000000000003
10.837992395780889,9,12,2,0,1,0,0,0,0,1,13,6,0,0,0,1,1.1743999937155116,126.99999999999999
7.313220387090301,6,1,2,1,1,1,0,0,1,0,7,5,0,0,0,0,0.22133333333333327,19.999999999999996
8.922658299524402,11,12,2,0,1,0,0,0,0,1,7,3,0,0,0,1,1.3031999999999992,163.0
11.127262984158245,20,11,1,1,1,2,0,0,0,1,16,5,4,2,1,1,1.0106617647058824,495.0
10.126631103850338,10,12,1,0,1,9,0,0,0,1,3,1,1,0,0,1,1.183040000000001,470.00000000000006
9.392661928770137,7,12,0,0,1,11,0,0,1,0,15,3,3,0,0,0,0.448833333333334,154.00000000000006
10.545341438708522,34,12,1,0,14,0,0,0,1,0,9,0,0,0,0,1,1.0051315789473678,284.00000000000006
10.126631103850338,14,11,2,1,1,0,0,0,0,1,40,4,5,1,0,0,0.29212000000000005,55.000000000000014
10.126631103850338,16,12,1,0,2,29,0,0,1,0,28,1,4,0,0,1,1.0091200000000002,170.00000000000006
8.804775258867686,23,12,4,0,1,6,0,0,0,1,10,5,1,2,0,1,1.6555655565556529,315.0
11.002099841204238,18,11,3,0,3,49,0,0,1,0,7,0,1,0,0,1,1.0218833333333304,470.00000000000006
10.532610746229704,11,12,1,0,1,0,0,0,0,1,4,1,0,1,0,1,1.0159857193497754,59.999999999999986
9.615805480084347,6,12,1,0,1,0,0,0,1,0,6,1,0,1,0,0,0.2986666666666666,66.99999999999997
9.210340371976184,12,12,1,0,2,9,0,0,0,1,14,9,5,1,0,1,4.029400000000003,689.9999999999998
8.699514748210191,22,11,2,0,5,305,0,0,1,0,12,1,2,1,0,1,1.829000000000001,426.00000000000017
10.819778284410283,6,11,2,1,10,12,0,0,0,1,11,2,5,0,0,1,7.030599999999984,263.00000000000006
9.210340371976184,15,12,1,0,3,2,0,0,1,0,7,2,2,0,0,1,1.5341999999999973,258.9999999999999
11.48854055503454,15,11,0,0,2,12,0,0,0,1,12,1,9,0,0,0,0.7351497576620788,511.0
9.210340371976184,6,12,2,0,8,11,0,0,0,1,18,5,4,3,0,1,4.474199999999995,685.9999999999998
9.615805480084347,13,10,3,1,1,4,0,0,0,1,8,5,0,0,0,1,1.0719333333333327,254.99999999999991
8.517193191416238,11,11,1,0,1,1,0,0,1,0,5,1,0,0,1,0,0.2229999999999999,15.0
9.903487552536127,25,11,5,0,1,0,0,0,0,1,15,3,2,0,0,1,1.7512500000000013,277.99999999999994
11.805576422042591,55,11,1,0,1,3,0,0,1,0,9,2,1,2,0,1,1.1453880035075292,183.00000000000009
7.600902459542082,7,11,0,1,2,14,0,0,1,0,14,0,3,0,0,1,5.520999999999999,188.0
10.126631103850338,7,11,1,0,12,1,0,0,1,0,11,2,3,2,0,1,1.165719999999997,461.9999999999999
10.819778284410283,12,11,1,1,1,0,0,0,1,0,13,0,7,2,1,1,1.011139999999999,426.00000000000017
9.798127036878302,16,11,3,1,1,16,0,0,1,0,8,2,2,0,1,1,1.1858888888888874,209.99999999999994
8.294049640102028,21,11,5,1,2,288,0,0,0,1,18,0,1,3,0,1,2.7622500000000048,365.0
11.461632170582678,15,10,2,1,1,21,0,0,1,0,22,1,3,0,0,1,1.1282210526315797,687.9999999999999
8.517193191416238,8,11,2,1,1,7,0,0,1,0,21,1,14,5,0,1,1.2624,387.00000000000006
11.082142548877776,13,10,1,0,1,1,0,0,0,1,116,14,21,13,0,1,2.734046153846149,4829.000000000001
9.903487552536127,11,11,0,1,2,14,0,0,0,1,40,7,19,5,0,1,1.8254500000000005,451.0000000000001
10.714417768752456,21,10,3,0,2,1,0,0,1,0,34,5,7,8,0,1,1.6363111111111104,374.0000000000001
10.126631103850338,10,10,1,0,5,17,0,0,1,0,7,2,0,1,0,1,1.140599999999999,620.0000000000002
9.210340371976184,12,10,2,0,1,0,0,0,0,1,166,14,24,16,0,1,3.677999999999997,191.0
10.596634733096073,34,10,0,0,1,13,0,0,0,1,26,2,5,1,0,1,1.307850000000001,362.00000000000017
10.915088464214609,21,10,0,1,1,8,0,0,0,1,31,1,8,2,0,1,1.3296545454545432,331.9999999999999
9.903487552536127,9,9,4,0,1,11,0,0,1,0,6,3,3,2,0,1,1.0064000000000017,206.00000000000003
10.308952660644293,5,10,1,0,1,7,0,0,0,1,17,1,0,1,0,0,0.2660666666666664,93.00000000000003
10.126631103850338,9,10,3,1,1,2,0,0,1,0,14,12,0,1,0,1,1.0667199999999997,346.00000000000017
9.615805480084347,17,10,2,0,1,6,0,0,0,1,6,0,1,1,0,1,1.1096666666666666,315.0
11.002099841204238,22,9,0,0,16,29,0,0,1,0,40,2,23,8,0,1,1.3173999999999988,918.9999999999999
10.126631103850338,15,10,2,0,2,5,0,0,1,0,34,6,4,2,0,0,0.3836000000000002,248.99999999999994
10.571316925111784,15,9,0,0,6,216,0,0,1,0,12,4,2,0,0,1,2.510461538461534,2066.999999999999
11.512925464970229,17,9,1,0,3,14,0,0,1,0,24,2,8,2,0,1,2.1901199999999994,4488.999999999997
10.819778284410283,12,9,1,0,4,16,0,0,1,0,46,1,10,5,0,1,1.1402400000000006,454.00000000000017
9.903487552536127,13,9,4,0,1,5,0,0,0,1,12,4,8,1,0,1,1.0912500000000018,236.0000000000001
10.126631103850338,11,10,0,1,1,31,0,0,1,0,60,7,43,13,0,1,5.636799999999986,2031.0000000000007
7.824046010856292,8,9,1,0,1,3,0,0,1,0,28,7,2,1,0,1,4.669599999999996,441.0
10.308952660644293,12,9,2,1,1,6,0,0,1,0,20,1,4,2,0,1,1.3824666666666667,468.9999999999999
10.596634733096073,22,9,1,0,1,0,0,0,1,0,18,14,7,2,6,1,7.903375000000004,2722.999999999999
11.512925464970229,6,8,0,0,3,21,0,0,0,1,3,2,0,2,0,0,0.3636900000000002,220.99999999999991
9.210340371976184,9,9,2,0,2,13,0,0,1,0,133,19,31,27,0,1,1.6341999999999977,289.00000000000006
9.104979856318357,12,9,3,0,1,3,0,0,1,0,32,1,3,3,0,1,1.02,115.00000000000001
10.308952660644293,10,8,2,0,2,18,0,0,0,1,79,12,13,8,0,1,1.275233333333333,206.99999999999994
10.308952660644293,21,8,1,0,1,0,0,0,1,0,39,16,24,13,1,1,1.1098000000000001,358.9999999999999
10.596634733096073,7,9,2,0,1,0,0,0,1,0,282,42,70,39,0,1,1.8071250000000023,291.0000000000001
8.517193191416238,12,8,1,0,3,9,0,0,1,0,24,5,2,0,0,1,1.1735999999999989,239.99999999999997
10.819778284410283,1,8,2,0,1,0,0,0,0,1,115,3,27,10,0,0,0.2852399999999999,17.999999999999996
8.242756345714477,7,8,3,0,8,26,0,0,1,0,12,0,2,1,0,1,2.4252631578947357,190.0
10.819778284410283,6,8,2,0,1,0,0,0,0,1,43,13,18,8,0,1,2.0356999999999994,147.99999999999994
10.491274217438248,32,8,3,0,4,2,0,0,1,0,10,3,3,1,0,1,1.042444444444444,1096.0000000000005
9.210340371976184,10,8,1,0,2,4,0,0,1,0,13,12,2,2,1,1,6.544800000000012,1271.0000000000002
10.126631103850338,8,8,2,0,1,0,0,0,0,1,128,12,44,26,1,1,1.4842800000000023,460.0000000000001
9.210340371976184,26,8,2,1,5,15,0,0,1,0,25,11,9,7,0,1,7.853199999999991,788.9999999999997
8.987196820661973,13,8,2,0,4,3,0,0,0,1,32,3,7,10,0,1,1.9656250000000013,699.9999999999998
10.126631103850338,9,8,1,0,1,0,0,0,1,0,48,9,11,7,0,1,2.025119999999998,367.0000000000001
9.472704636443671,16,8,2,1,2,9,0,0,1,0,23,0,1,2,0,1,1.3670769230769289,254.99999999999991
9.190137664658664,11,7,0,0,8,26,0,0,1,0,16,7,1,0,0,1,1.0451020408163256,194.00000000000003
9.210340371976184,9,7,1,0,2,0,0,0,0,1,101,16,30,12,0,1,1.5991999999999984,352.99999999999994
11.082142548877776,10,7,1,0,2,17,0,0,0,1,38,2,6,3,0,1,1.0523076923076873,523.0000000000001
10.819778284410283,21,8,2,0,3,0,0,0,1,0,14,0,2,0,0,1,1.2181999999999988,313.99999999999994
9.903487552536127,8,8,3,0,3,23,0,0,0,1,175,41,66,56,7,1,1.953900000000001,596.0000000000001
9.615805480084347,21,7,1,0,1,4,0,0,0,1,8,2,5,2,0,1,1.0867333333333338,198.99999999999997
10.126631103850338,8,7,0,0,1,0,0,0,0,1,8,2,1,0,0,1,1.0410000000000008,497.0000000000001
13.919870573288517,31,7,1,0,2,1,0,0,0,1,35,8,12,9,0,0,0.542008108108108,3344.000000000001
10.819778284410283,24,7,1,0,3,0,0,0,1,0,11,3,1,1,1,1,3.373439999999992,3149.9999999999977
10.126631103850338,9,7,1,0,1,0,0,0,1,0,17,3,3,1,0,1,2.2597600000000018,792.9999999999998
9.615805480084347,11,7,1,1,1,2,0,0,1,0,15,2,4,2,1,1,2.1043333333333383,209.99999999999994
10.126631103850338,20,7,0,0,1,20,0,0,1,0,15,12,7,1,0,1,2.134879999999999,506.0000000000001
12.310869502362207,9,7,1,1,5,136,0,0,1,0,39,11,4,5,0,1,3.1364133689333897,2379.999999999999
10.819778284410283,20,6,1,1,1,7,0,0,0,1,13,3,4,3,0,1,1.03154,685.0000000000002
10.819778284410283,14,6,2,0,3,3,0,0,1,0,22,10,5,7,1,1,1.5314399999999986,1617.9999999999995
10.126631103850338,14,6,4,0,3,0,0,0,1,0,74,3,36,10,0,1,8.725280000000005,3172.9999999999977
9.64049809267472,12,6,2,0,1,7,0,0,0,1,12,1,3,3,0,1,1.0731199999999976,221.99999999999997
10.819778284410283,9,6,0,0,1,0,0,0,1,0,23,1,4,4,0,1,1.0850799999999994,74.00000000000003
9.615805480084347,9,6,1,0,1,0,0,0,0,1,2,2,4,4,0,1,1.296866666666667,229.00000000000006
8.987196820661973,13,6,1,0,1,1,0,0,1,0,14,1,6,3,0,1,1.34175,208.99999999999997
11.289781913656018,5,6,2,1,1,80,0,0,1,0,21,2,5,3,1,1,1.3046125000000008,1615.9999999999995
11.73342552533902,15,1,1,1,2,40,0,0,0,1,6,0,0,1,0,1,1.064995588353251,1563.0000000000005
11.512925464970229,32,6,2,0,13,54,0,0,1,0,43,5,8,3,0,1,2.839809999999995,2124.999999999999
11.512925464970229,39,6,1,1,2,24,0,0,1,0,28,2,7,4,0,1,1.2429499999999998,1288.9999999999995
10.596634733096073,24,6,3,1,1,16,0,0,1,0,9,0,2,1,0,1,1.194475000000001,1736.9999999999995
10.819778284410283,7,6,2,0,1,0,0,0,0,1,61,4,13,7,0,1,4.202340000000001,275.9999999999999
10.126631103850338,11,6,4,1,1,5,0,0,1,0,18,5,2,2,1,1,2.2424000000000026,578.0000000000001
9.210340371976184,13,6,1,0,2,0,0,0,1,0,47,3,8,3,0,1,2.1094999999999993,170.00000000000006
10.308952660644293,7,5,3,0,1,0,0,0,0,1,107,19,25,15,0,1,3.8137000000000003,97.0
10.596634733096073,13,6,1,0,1,5,0,0,0,1,30,6,7,5,0,1,2.8249749999999954,425.00000000000017
10.571316925111784,19,6,0,0,1,40,0,0,1,0,62,1,21,10,1,1,1.0673076923076914,413.00000000000017
10.46310334047155,12,6,0,0,1,7,0,0,1,0,42,6,6,6,0,1,3.4294571428571454,1683.9999999999998
10.126631103850338,9,5,3,0,12,1,0,0,1,0,25,0,8,4,0,1,2.6593200000000023,1080.9999999999998
10.308952660644293,10,5,0,1,1,0,0,0,1,0,9,1,8,6,0,1,1.097,350.9999999999999
11.225243392518449,7,5,1,1,1,23,0,0,0,1,24,4,8,3,0,0,0.5112533333333329,257.00000000000006
10.819778284410283,8,5,1,0,1,1,0,0,1,0,48,7,18,6,0,1,1.4237000000000002,424.0
9.210340371976184,8,6,0,0,6,32,1,0,0,0,19,9,3,6,1,1,1.3749999999999998,242.00000000000009
11.002099841204238,7,5,2,0,1,0,0,0,0,1,22,2,10,6,0,1,1.4496833333333359,79.99999999999997
10.819778284410283,9,5,2,0,5,9,0,0,0,1,34,8,18,4,0,1,8.719119999999991,2170.000000000001
11.225243392518449,17,5,1,0,1,0,0,0,0,1,9,0,1,1,0,1,1.1589333333333292,1450.0
10.819778284410283,19,5,1,0,1,0,0,0,1,0,7,0,2,2,0,1,1.09346,1033.0
10.308952660644293,15,5,1,0,1,1,0,0,0,1,21,0,6,0,0,1,6.285566666666648,770.9999999999998
10.308952660644293,17,5,1,1,4,34,0,0,1,0,15,11,5,1,0,1,1.0174000000000003,221.99999999999997
10.308952660644293,14,5,2,0,1,7,0,0,1,0,220,40,70,46,0,1,1.1397666666666646,275.9999999999999
9.903487552536127,9,5,2,0,6,0,0,0,0,1,46,0,14,5,0,1,2.0678499999999964,358.0
11.512925464970229,15,5,0,0,7,27,0,0,1,0,48,2,29,5,1,1,1.2207699999999997,1046.0000000000005
9.903487552536127,13,5,2,0,5,17,0,0,1,0,5,2,0,1,0,1,1.4624500000000018,561.9999999999999
12.429216196844385,24,5,3,1,1,3,0,0,1,0,22,6,5,3,0,1,1.168716,1752.0000000000007
10.126631103850338,10,5,1,0,1,1,0,0,0,1,6,1,2,1,0,1,3.1176399999999993,597.9999999999998
10.596634733096073,4,5,1,0,13,118,0,0,0,1,37,6,2,7,0,1,2.2358750000000005,456.00000000000017
10.819778284410283,9,4,3,0,1,8,0,0,1,0,31,5,18,6,0,1,1.4889800000000004,829.9999999999998
11.002099841204238,12,5,2,0,16,29,0,0,0,1,16,0,7,3,0,1,1.326283333333332,508.00000000000006
10.126631103850338,10,4,2,1,1,25,0,0,0,1,39,18,11,7,0,1,1.3958800000000007,613.9999999999999
10.373491181781864,15,4,1,0,3,270,0,0,1,0,8,1,2,1,0,1,1.221968749999999,597.0000000000001
9.392661928770137,20,5,2,0,2,6,0,0,1,0,11,1,0,0,0,1,1.022583333333334,115.00000000000001
11.225243392518449,17,4,0,0,1,0,0,0,0,1,20,0,5,4,0,1,1.0923599999999987,1028.9999999999998
11.512925464970229,16,4,2,0,2,1,0,0,1,0,35,61,28,9,6,1,1.042599999999999,1127.0000000000002
10.46310334047155,18,4,3,1,2,41,0,0,0,1,90,0,38,20,0,1,1.503400000000001,539.0000000000002
10.545341438708522,15,4,0,0,1,1,0,0,1,0,35,32,5,9,1,1,1.092868421052633,451.0000000000001
10.146433731146518,16,4,1,0,1,19,0,0,1,0,71,4,16,7,0,1,1.2835294117647085,582.0000000000002
9.210340371976184,9,4,4,0,1,1,0,0,0,1,11,3,3,3,1,1,1.0678000000000005,115.99999999999999
11.884489021402713,5,4,0,0,4,28,0,0,0,1,19,3,5,0,0,0,0.5406827586206886,991.0000000000002
10.819778284410283,8,4,3,0,6,6,0,0,1,0,9,0,1,0,0,1,5.345919999999996,221.99999999999997
9.546812608597396,10,4,3,0,2,9,0,0,1,0,8,1,9,2,0,1,1.0594999999999988,154.00000000000006
9.210340371976184,8,4,3,0,1,1,0,0,1,0,7,1,5,0,0,1,2.0180999999999973,121.00000000000003
10.889285690168435,10,4,2,0,1,4,0,0,0,1,49,1,11,2,1,1,2.119749995335738,93.00000000000003
10.819778284410283,15,4,1,0,5,60,0,1,0,0,59,8,15,3,0,1,4.407640000000003,1293.9999999999995
10.819778284410283,7,4,0,0,1,7,0,0,1,0,26,4,6,0,0,1,3.0854399999999984,517.0
8.987196820661973,7,3,3,0,1,3,0,0,0,1,11,0,1,1,0,1,1.0074999999999998,85.00000000000001
10.819778284410283,7,3,1,0,2,0,0,0,0,1,42,5,6,3,0,1,1.1398199999999992,410.00000000000017
8.85366542803745,11,3,3,0,2,1,0,0,1,0,20,4,5,3,0,1,9.855571428571423,263.00000000000006
11.512925464970229,20,4,1,0,1,0,0,0,0,1,9,2,3,1,0,1,2.0014700000000016,2860.999999999999
9.392661928770137,8,3,4,0,1,1,0,0,1,0,165,11,94,17,0,1,3.289666666666677,285.00000000000006
11.289781913656018,32,3,2,0,1,0,0,0,1,0,24,3,5,3,0,1,1.4179750000000004,1429.0
8.517193191416238,8,2,0,1,3,0,0,0,1,0,7,2,0,1,0,0,0.3019999999999998,27.999999999999996
10.819778284410283,10,3,4,0,3,9,0,0,0,1,108,9,22,13,0,1,1.1161600000000005,51.0
9.64859530290734,9,3,1,0,1,5,0,0,0,1,59,16,8,4,0,1,1.6765161290322506,536.0
11.225243392518449,19,3,4,0,1,0,0,0,0,1,390,14,44,61,0,1,1.1933999999999976,3091.999999999999
10.126631103850338,13,3,1,0,1,30,0,0,0,1,57,18,13,5,1,1,2.8456400000000017,1325.0
10.404262840448617,22,2,1,1,1,47,0,0,0,1,16,1,10,6,0,1,1.0614242424242426,659.0
9.903487552536127,11,2,1,0,3,2,0,0,1,0,10,2,0,1,0,1,1.0012500000000015,127.99999999999997
10.126631103850338,19,3,4,0,2,20,0,0,1,0,18,1,8,6,0,1,1.1244400000000003,425.00000000000017
9.615805480084347,19,2,3,1,1,44,0,0,1,0,20,7,6,6,2,1,1.4045333333333325,295.99999999999994
9.615805480084347,18,2,6,0,1,0,0,0,1,0,41,3,14,5,0,0,0.43379999999999985,181.00000000000006
10.126631103850338,12,2,2,0,2,32,0,0,1,0,131,21,34,13,0,1,2.4665599999999968,1069.0
9.903487552536127,20,2,1,0,2,1,0,0,0,1,150,11,36,16,0,1,1.0595000000000008,88.00000000000003
9.903487552536127,10,3,3,1,2,1,0,0,1,0,146,27,141,33,0,0,0.006300000000000006,6.0
11.02679245379461,26,2,0,0,1,1,0,0,0,1,33,1,43,7,0,1,1.2210731707317075,511.99999999999994
10.126631103850338,8,2,1,0,1,0,0,0,1,0,5,0,2,0,0,1,7.3488000000000016,3143.9999999999977
8.922658299524402,7,2,2,0,1,0,0,0,0,1,24,2,2,4,0,1,1.1089333333333338,103.00000000000001
9.903487552536127,13,2,2,0,1,1,0,0,1,0,16,3,4,1,0,1,1.1296500000000016,371.9999999999999
9.903487552536127,13,2,0,1,3,55,0,0,1,0,20,2,2,0,0,1,1.1569500000000004,229.00000000000006
8.987196820661973,7,2,1,0,1,6,0,0,1,0,11,1,2,4,0,1,1.346249999999999,206.00000000000003
9.903487552536127,11,1,2,0,1,3,0,0,0,1,29,4,19,2,1,1,1.3009500000000016,201.0
10.308952660644293,10,1,0,1,2,7,0,0,1,0,15,0,3,0,0,1,1.7739333333333338,1046.0000000000005
11.002099841204238,17,1,2,0,1,4,0,0,1,0,49,1,17,7,0,1,3.261549999999997,2719.0
9.903487552536127,15,1,5,1,6,8,0,0,0,1,17,3,3,3,0,1,1.5343000000000042,663.0
10.46310334047155,15,1,1,0,1,10,0,0,1,0,23,7,1,3,0,1,1.2304285714285725,271.00000000000006
11.805576422042591,14,1,4,0,1,0,0,0,0,1,28,18,7,2,0,1,1.076032000597029,183.00000000000009
10.714417768752456,17,1,6,0,7,82,0,0,0,1,56,9,6,5,0,1,2.1779333333333333,2394.9999999999995
8.648221453822641,10,12,2,0,1,0,0,0,0,1,21,1,1,0,0,1,1.0324210526315791,93.00000000000003
9.615805480084347,7,12,1,1,1,10,0,0,1,0,33,24,7,9,8,1,1.0370000000000004,399.9999999999999
9.903487552536127,10,11,0,0,2,10,0,0,0,1,41,2,5,2,0,1,3.0007500000000054,570.0000000000002
9.903487552536127,12,11,0,0,6,13,0,0,0,1,11,1,4,3,0,1,1.0666500000000008,282.00000000000006
9.903487552536127,6,12,2,0,1,2,0,0,0,1,28,3,9,6,0,1,1.1084500000000004,304.00000000000006
9.104979856318357,16,11,2,0,2,10,0,0,0,1,39,8,9,5,0,1,2.6011111111111074,530.0
9.210340371976184,13,12,0,0,1,0,0,0,0,1,16,0,5,1,0,1,1.2366999999999984,338.00000000000006
10.545341438708522,33,12,4,0,14,0,0,0,0,1,43,1,2,5,0,1,1.004157894736842,322.99999999999994
8.987196820661973,14,12,2,0,2,1,0,0,0,1,294,15,34,33,0,1,8.455999999999998,289.00000000000006
10.308952660644293,9,12,1,0,1,2,0,0,0,1,104,25,27,14,0,1,1.6386666666666678,1084.0000000000002
10.308952660644293,12,11,2,1,1,4,0,0,1,0,19,1,1,7,0,1,1.6922000000000004,399.0000000000001
11.512925464970229,12,11,1,0,9,2,0,0,0,1,183,11,47,15,0,1,1.4936299999999987,1257.0
10.596634733096073,16,11,0,0,2,2,0,0,1,0,34,1,1,2,0,1,6.08672500000002,3796.9999999999986
9.210340371976184,10,12,0,1,2,21,0,0,1,0,6,0,1,0,0,1,1.0179999999999962,331.0
10.46310334047155,11,12,0,1,1,1,0,0,0,1,13,2,3,2,0,0,0.05805714285714292,34.99999999999999
7.824046010856292,6,11,1,1,1,4,0,0,1,0,43,2,8,7,0,1,1.5551999999999992,98.99999999999999
10.23995978915734,16,11,3,1,1,1,0,0,0,1,40,1,19,12,1,1,1.0798571428571457,219.00000000000003
10.085809109330082,16,11,4,0,2,10,0,0,1,0,65,0,6,4,0,1,1.8383750000000005,318.99999999999994
11.512925464970229,10,11,2,0,2,2,0,0,0,1,18,1,4,0,0,1,2.1724300000000007,3010.0000000000023
10.819778284410283,13,11,1,0,1,1,0,0,0,1,10,1,4,1,0,1,1.05474,418.9999999999999
10.596634733096073,23,11,5,0,1,1,0,0,0,1,14,4,6,0,0,1,1.055675000000001,478.99999999999983
11.512925464970229,28,11,2,0,1,0,0,0,0,1,72,0,17,10,0,1,1.2445299999999995,1500.0
10.126631103850338,11,11,1,0,1,7,0,0,1,0,18,3,5,1,0,1,1.0055599999999993,159.99999999999994
8.517193191416238,7,11,5,1,2,14,0,0,1,0,12,1,2,0,0,1,2.2388,198.99999999999997
9.798127036878302,9,11,2,1,3,6,0,0,1,0,55,5,3,12,0,1,3.0621666666666627,632.9999999999998
9.903487552536127,16,11,0,0,1,1,0,0,1,0,13,1,2,2,0,1,1.0045500000000012,176.99999999999994
9.903487552536127,10,10,4,0,1,0,0,0,0,1,23,1,4,2,0,1,1.0940500000000002,195.99999999999991
9.615805480084347,16,11,1,0,3,20,0,0,0,1,26,3,10,2,0,1,1.2696666666666663,242.00000000000009
11.512925464970229,16,10,1,1,1,12,0,0,1,0,6,3,0,3,0,1,1.02997,647.9999999999999
12.429216196844385,18,10,1,0,3,0,0,0,1,0,46,9,5,3,0,1,1.4753639999999977,2804.9999999999995
11.156250521031495,5,10,1,0,1,4,0,0,0,1,345,42,50,30,0,1,1.0276428571428562,74.99999999999997
9.903487552536127,13,11,2,0,1,1,0,0,0,1,56,2,7,10,0,1,1.010049999999999,198.99999999999997
10.46310334047155,19,10,1,0,1,16,0,0,0,1,56,8,13,5,0,1,1.042171428571429,422.0000000000001
9.210340371976184,16,11,2,1,1,21,0,0,0,1,44,1,4,0,0,1,1.538499999999998,180.0
12.206067645517674,83,10,0,0,1,1,0,0,1,0,52,13,26,9,0,1,1.0345501727508635,1259.0
10.23995978915734,7,9,1,0,1,37,0,0,0,1,82,11,12,8,0,1,4.88600000000001,1003.0000000000003
10.645424897265505,43,10,0,0,1,4,0,0,1,0,7,7,2,0,1,1,1.0182380952380945,207.99999999999997
9.392661928770137,15,10,0,1,1,8,0,0,1,0,11,1,1,2,1,0,0.6144166666666665,128.99999999999997
10.021270588192513,16,9,2,0,1,0,0,0,0,1,301,50,63,34,0,1,1.1230666666666629,282.00000000000006
10.46310334047155,13,10,4,0,1,0,0,0,0,1,8,15,1,4,0,0,0.2554285714285716,106.99999999999996
9.903487552536127,7,10,2,0,1,0,0,0,1,0,90,4,14,7,0,1,1.1968500000000006,175.99999999999991
11.512925464970229,12,9,0,0,1,7,0,0,1,0,82,5,80,16,0,1,1.4332599999999986,672.0
9.433483923290392,25,9,1,0,1,4,0,0,1,0,15,0,7,1,0,1,1.01808,207.99999999999997
9.903487552536127,7,9,1,0,3,30,0,0,1,0,24,2,13,3,0,1,3.0386499999999996,100.00000000000004
9.210340371976184,10,9,2,0,1,47,0,0,1,0,14,1,1,0,0,1,1.6130000000000022,247.00000000000006
11.156250521031495,9,8,2,0,1,0,0,0,0,1,31,25,3,4,7,1,1.0864714285714276,557.9999999999999
10.819778284410283,6,9,1,0,1,0,0,0,0,1,301,116,137,75,1,1,1.689280000000001,171.00000000000009
12.429216196844385,15,9,2,0,2,2,0,0,0,1,17,3,4,0,0,1,3.1839159999999986,8629.999999999993
11.289781913656018,11,9,2,0,1,1,0,0,1,0,60,10,11,12,0,1,1.0205750000000002,257.00000000000006
8.517193191416238,12,9,0,0,2,6,0,0,1,0,10,0,3,0,0,1,1.0213999999999999,56.00000000000002
10.819778284410283,12,9,2,0,1,6,0,0,0,1,15,1,12,6,0,1,1.576080000000001,923.9999999999999
10.819778284410283,15,9,1,0,3,2,0,0,1,0,14,0,4,1,0,1,1.8105999999999953,1031.0000000000002
10.308952660644293,34,9,3,0,2,0,0,0,0,1,18,1,5,1,1,1,1.0480333333333345,271.00000000000006
8.517193191416238,19,9,2,0,14,49,0,0,1,0,22,1,1,1,1,1,5.729999999999984,363.99999999999994
10.308952660644293,4,9,1,1,3,32,0,0,1,0,54,14,15,5,0,1,1.784766666666666,782.9999999999998
10.126631103850338,28,9,2,1,5,180,0,0,1,0,12,2,1,5,0,1,1.1024800000000008,298.00000000000006
10.308952660644293,17,9,2,0,34,14,0,0,1,0,8,1,2,1,0,1,1.2130666666666658,161.99999999999994
11.289781913656018,19,8,0,0,2,0,0,0,1,0,26,9,6,2,0,1,1.2106625000000015,883.9999999999999
11.805576422042591,10,8,3,0,2,0,0,0,0,1,20,0,2,1,0,1,1.007459997388012,92.00000000000001
9.615805480084347,12,9,3,0,3,0,0,0,1,0,3,0,0,2,0,1,1.0552000000000001,267.99999999999994
10.596634733096073,9,9,1,0,9,35,0,0,0,1,80,17,30,6,0,1,2.973825000000001,4439.0
9.615805480084347,16,9,3,0,1,0,0,0,1,0,44,1,3,2,0,1,1.4363999999999966,156.99999999999994
7.585281078639126,11,8,1,0,3,3,0,0,1,0,23,5,12,1,0,1,3.0883697308278317,92.00000000000001
9.615805480084347,15,8,1,1,1,6,0,0,1,0,35,3,22,6,0,1,1.064199999999999,249.9999999999999
10.51867319162636,13,8,0,0,4,2,0,0,0,1,82,8,23,19,0,1,2.7118108108108188,1656.9999999999993
11.184421397998191,16,8,6,0,1,1,0,0,0,1,15,2,3,0,0,0,0.3234166666666669,272.0000000000001
10.915088464214609,22,8,1,0,1,5,0,0,0,1,60,8,27,9,0,0,0.7737636363636351,788.0000000000001
11.512925464970229,31,8,1,0,13,54,0,0,0,1,72,14,11,8,0,1,5.79583,3142.0000000000005
10.308952660644293,16,8,4,0,1,1,0,0,1,0,158,36,75,25,0,0,0.5295999999999997,90.0
9.615805480084347,9,8,2,0,3,14,0,0,1,0,2,2,0,1,0,1,1.05,152.0
10.126631103850338,13,8,1,1,2,46,0,0,1,0,11,3,0,2,0,1,1.1694399999999998,236.0000000000001
10.46310334047155,10,8,1,1,1,14,0,0,1,0,111,12,30,7,0,1,1.1898000000000004,293.0000000000001
9.210340371976184,16,8,6,0,16,67,0,0,0,1,18,6,1,0,0,1,3.777499999999995,503.0
10.308952660644293,16,8,1,0,1,0,0,0,1,0,24,4,4,0,0,1,1.016633333333333,399.9999999999999
8.922658299524402,7,8,0,1,11,92,0,0,0,1,18,0,2,2,0,1,1.0133333333333336,122.99999999999994
10.126631103850338,11,8,0,0,1,17,0,0,1,0,72,5,11,6,0,1,2.0722799999999992,169.0
8.987196820661973,12,8,6,0,2,1,0,0,1,0,10,4,0,0,0,1,1.7928750000000009,223.00000000000003
10.819778284410283,27,8,1,0,9,32,0,0,0,1,37,1,14,7,0,1,1.1872000000000003,1717.9999999999993
10.819778284410283,24,8,2,0,1,0,0,0,0,1,3,0,0,1,0,1,3.2348799999999978,1513.9999999999998
11.225243392518449,8,7,1,1,15,223,0,0,0,1,61,11,12,7,0,1,1.0235866666666658,511.99999999999994
11.833558637561696,8,7,1,0,2,0,0,0,0,1,100,9,28,11,0,1,2.3665384615384593,1705.0000000000005
10.596634733096073,17,7,1,0,1,0,0,0,1,0,40,3,5,3,0,1,1.0904750000000014,199.99999999999991
8.517193191416238,7,8,4,0,37,26,0,1,0,0,106,8,11,12,0,1,3.2375999999999987,257.00000000000006
10.373491181781864,16,8,2,0,2,1,0,0,1,0,21,3,2,3,0,0,0.46531249999999974,374.0000000000001
11.512925464970229,6,8,1,0,2,19,0,0,1,0,177,13,33,23,0,1,2.2153299999999994,405.99999999999994
10.714417768752456,19,7,1,0,1,22,0,0,0,1,36,0,8,3,0,1,1.044266666666665,374.0000000000001
9.433483923290392,14,8,1,0,1,1,0,0,1,0,16,2,2,0,3,1,1.4242399999999995,164.99999999999994
11.225243392518449,54,8,1,1,2,3,0,0,1,0,27,6,4,1,0,1,1.4156799999999972,1175.0000000000002
11.512925464970229,22,8,2,1,2,22,0,0,1,0,131,8,49,23,0,1,1.6165400000000012,1373.0
12.429216196844385,22,7,3,0,1,0,0,0,1,0,57,12,8,7,0,1,2.027619999999996,4252.0
9.903487552536127,5,7,4,1,2,1,0,0,0,1,27,2,1,2,0,1,1.1419500000000002,250.9999999999999
9.740968623038354,9,8,2,0,1,2,0,0,1,0,46,0,24,10,8,1,1.0352352941176468,240.99999999999994
11.512925464970229,14,8,1,0,1,10,0,0,1,0,171,25,67,32,0,0,0.6068499999999983,245.0000000000001
10.596634733096073,9,7,1,0,1,6,0,0,1,0,53,3,8,2,0,1,1.1231250000000013,639.9999999999999
10.690125076183412,7,7,0,0,1,12,0,0,1,0,52,4,29,14,15,1,1.1171903460837889,577.0000000000001
7.313220387090301,3,7,0,0,1,3,0,0,1,0,8,0,5,0,2,1,4.542666666666663,297.00000000000006
9.210340371976184,12,8,2,0,1,1,0,0,0,1,112,3,6,12,1,1,3.084999999999996,358.9999999999999
8.85366542803745,7,7,0,0,1,0,0,0,1,0,25,6,11,2,2,1,2.1479999999999997,338.00000000000006
12.611537753638338,1,7,2,0,53,62,0,0,1,0,99,13,17,12,1,1,5.634886666666656,9041.000000000007
9.998797732340453,22,7,0,1,9,16,0,0,0,1,25,11,10,6,2,1,2.609954545454545,2034.0000000000002
10.896739325546411,42,7,0,0,1,1,0,0,1,0,128,7,34,7,2,1,1.6620185185185175,797.0000000000001
10.596634733096073,13,8,1,0,1,3,0,0,1,0,20,4,4,4,2,1,1.263199999999999,1539.0000000000002
9.210340371976184,12,7,0,0,2,19,0,0,1,0,17,5,2,3,2,1,1.1172000000000006,169.0
10.491274217438248,11,7,5,0,3,1,0,0,1,0,21,3,2,3,0,0,0.20402777777777784,393.0
8.517193191416238,11,7,4,0,37,26,0,0,1,0,81,1,12,19,0,1,2.2299999999999955,164.99999999999994
9.903487552536127,23,7,4,0,2,5,0,0,1,0,5,1,0,2,0,0,0.42815000000000064,181.99999999999997
12.657654506155406,15,6,1,0,1,0,0,0,0,1,34,1,6,7,0,1,1.139123819467212,7208.0
9.740968623038354,14,7,3,1,4,16,0,0,0,1,55,0,9,3,2,1,3.8354705882352893,1886.0000000000005
9.615805480084347,14,7,2,0,3,1,0,0,1,0,21,3,2,1,0,1,1.3395999999999992,44.99999999999999
10.126631103850338,14,7,1,0,1,3,0,0,1,0,102,23,49,12,0,1,1.1930400000000005,640.9999999999999
10.126631103850338,8,7,2,1,3,91,0,0,1,0,72,1,15,4,0,1,2.2161200000000014,1366.0000000000002
9.210340371976184,10,7,1,1,1,0,0,0,1,0,14,1,2,2,0,1,1.0732000000000008,83.00000000000003
9.210340371976184,12,7,6,0,2,4,0,0,1,0,16,1,3,1,0,1,3.6329000000000002,446.00000000000006
